date,total_pnl,median_pnl,pnl_std,win_rate,trade_count,avg_size_usd,total_volume,long_count,short_count,unique_traders,avg_fee,long_short_ratio,avg_pnl_per_trade,rolling_pnl_7d,value,classification,sentiment_binary,month
2023-05-01,0.0,0.0,0.0,0.0,3,159.0,477.0,3,0,1,0.0,3000000000.0,0.0,,63,Greed,Greed,May
2023-12-05,0.0,0.0,0.0,0.0,9,5556.203333333334,50005.83,7,2,1,1.3890505555555555,3.49999999825,0.0,,75,Extreme Greed,Greed,Dec
2023-12-14,-205.43473700000007,0.0,179.66353383090035,0.36363636363636365,11,10291.213636363636,113203.35,5,6,1,2.5728028181818186,0.8333333331944445,-18.675885181818188,-68.4782456666667,72,Greed,Greed,Dec
2023-12-15,-24.632033999999997,-12.316016999999999,4.474304424985184,0.0,2,5304.975,10609.95,2,0,1,1.3262445,1999999999.9999998,-12.316016999999999,-57.51669275000002,70,Greed,Greed,Dec
2023-12-16,0.0,0.0,0.0,0.0,3,5116.256666666667,15348.77,3,0,1,1.279063,3000000000.0,0.0,-46.013354200000016,67,Greed,Greed,Dec
2023-12-17,304.982785,0.02676,43.51261683426808,0.5,14,8305.572857142857,116278.02,3,11,1,2.076392785714286,0.2727272727024793,21.78448464285714,12.486002333333317,73,Greed,Greed,Dec
2023-12-18,0.0,0.0,0.0,0.0,2,15582.089999999998,31164.179999999997,2,0,1,3.8955225,1999999999.9999998,0.0,10.702287714285701,65,Greed,Greed,Dec
2023-12-19,1000.5386120000001,4.502567,183.73537011741135,0.6666666666666666,15,6106.827333333334,91602.41,5,10,1,1.5267064,0.49999999995,66.70257413333334,153.63637514285713,73,Greed,Greed,Dec
2023-12-20,162.732282,0.0,21.3481314287044,0.4444444444444444,18,7868.710555555556,141636.79,10,8,1,1.9671770555555557,1.24999999984375,9.040682333333333,176.88384399999998,74,Greed,Greed,Dec
2023-12-21,537.211402,0.032592,20.811624735703514,0.5306122448979592,49,2555.795306122449,125233.97,22,27,1,0.6389483469387754,0.8148148147846365,10.963498000000001,282.9761495714286,70,Greed,Greed,Dec
2023-12-22,141.832675,0.0,40.92671758278208,0.2,10,8887.428,88874.28,8,2,1,2.2218566,3.999999998,14.1832675,306.7568222857143,74,Greed,Greed,Dec
2023-12-23,146.936704,10.836504,11.478402785910806,0.6153846153846154,13,6033.711538461538,78438.25,5,8,1,1.5084273076923078,0.624999999921875,11.302823384615383,327.74778000000003,70,Greed,Greed,Dec
2023-12-24,1008.619956,0.0,52.267012077476366,0.38461538461538464,39,10332.177948717948,402954.94,21,18,1,2.5830439743589744,1.166666666601852,25.862050153846155,428.26737585714284,71,Greed,Greed,Dec
2023-12-25,-245.081348,0.0,141.49778224115633,0.0,3,19982.836666666666,59948.51,2,1,1,4.995708333333333,1.9999999979999998,-81.69378266666666,393.25575471428573,73,Greed,Greed,Dec
2023-12-27,-704.8892269999999,0.0,153.67464419092525,0.14285714285714285,28,6121.823571428571,171411.06,15,13,1,1.53045525,1.1538461537573965,-25.174615249999995,149.6232062857143,73,Greed,Greed,Dec
2023-12-28,-970.730876,-13.250952,55.01514381004261,0.0,23,4352.923913043478,100117.25,10,13,1,1.0882304347826086,0.7692307691715976,-42.20569026086957,-12.300101999999972,73,Greed,Greed,Dec
2023-12-29,508.92214299999995,0.0,78.11192586732814,0.3,50,11391.1944,569559.72,31,19,1,2.8477980200000004,1.6315789472825484,10.178442859999999,-16.341424714285715,65,Greed,Greed,Dec
2023-12-30,354.998648,0.0,68.40190063585914,0.4423076923076923,52,13510.58096153846,702550.21,20,32,1,3.377644730769231,0.6249999999804688,6.826897076923077,14.110857142857144,68,Greed,Greed,Dec
2024-01-01,-129.53146,0.0,85.84776860469921,0.05555555555555555,18,14679.973888888888,264239.52999999997,10,8,1,3.6699926111111107,1.24999999984375,-7.196192222222223,-25.384594857142854,65,Greed,Greed,Jan
2024-01-02,783.979116,0.0,134.42834386429288,0.47058823529411764,17,7138.1611764705885,121348.74,9,8,1,1.7845397647058823,1.124999999859375,46.11641858823529,-57.47614342857144,71,Greed,Greed,Jan
2024-01-03,866.015507,0.0,50.415365667933756,0.417910447761194,67,5888.050149253731,394499.36,32,35,1,1.4720121044776118,0.9142857142595919,12.925604582089552,101.2519787142857,70,Greed,Greed,Jan
2024-01-04,-67.60364,-0.0786,29.544005214373353,0.0,5,19958.508,99792.54000000001,2,3,1,4.989626400000001,0.6666666664444444,-13.520728,192.29277685714283,68,Greed,Greed,Jan
2024-01-05,164.141565,0.0,60.7235758141571,0.19696969696969696,66,25817.31303030303,1703942.66,31,35,1,6.4543278636363635,0.8857142856889797,2.486993409090909,354.4174112857142,72,Greed,Greed,Jan
2024-01-06,135.58166400000002,0.0,37.338371573804935,0.45454545454545453,22,13569.154545454547,298521.4,11,11,1,3.3922882727272725,0.9999999999090909,6.16280290909091,301.0830571428572,70,Greed,Greed,Jan
2024-01-07,-835.681235,0.0,34.037905927281535,0.09278350515463918,97,10812.887216494846,1048850.06,52,45,1,2.7032212783505156,1.1555555555298767,-8.615270463917525,130.98593099999997,71,Greed,Greed,Jan
2024-01-08,-269.874439,0.0,122.41963598502315,0.25,128,11894.159609375,1522452.43,40,88,1,2.9735395625,0.4545454545402892,-2.1083940546875,110.93693399999997,71,Greed,Greed,Jan
2024-01-09,-826.349863,0.0,214.1803231936485,0.2571428571428571,70,12429.313857142857,870051.97,28,42,1,2.9144704,0.6666666666507937,-11.804998042857143,-119.11006300000005,76,Extreme Greed,Greed,Jan
2024-01-10,-1517.091342,0.0,119.7894328095249,0.21243523316062177,193,10660.515440414507,2057479.48,92,101,1,2.2489371243523317,0.9108910890998921,-7.860576901554404,-459.55389857142865,73,Greed,Greed,Jan
2024-01-11,-164.08950099999998,0.0,101.92627878710132,0.23809523809523808,21,14538.766666666666,305314.1,13,8,2,3.6127224285714283,1.624999999796875,-7.813785761904761,-473.3375930000001,76,Extreme Greed,Greed,Jan
2024-01-12,-1925.519024,0.0,669.9280140108323,0.0,7,28583.181428571428,200082.27,5,2,1,7.068675285714285,2.49999999875,-275.0741462857143,-771.8605342857144,71,Greed,Greed,Jan
2024-01-15,152.85358,2.4946450000000002,33.645786328134285,0.6428571428571429,14,3616.8642857142854,50636.1,5,9,2,0.9037651428571428,0.5555555554938272,10.918112857142857,-769.3931177142857,52,Neutral,Neutral,Jan
2024-01-16,-2299.171458,0.0,883.8757688873994,0.3333333333333333,9,12936.37,116427.33,4,5,2,1.9243676666666667,0.79999999984,-255.4634953333333,-978.4631495714285,64,Greed,Greed,Jan
2024-01-17,813.2741110000001,0.0,75.6265391448607,0.20754716981132076,53,15110.019433962265,800831.03,31,22,1,3.0133510566037733,1.4090909090268595,15.344794547169812,-823.7276424285714,60,Greed,Greed,Jan
2024-01-18,68.93319,0.0,39.503091785872144,0.06521739130434782,46,9231.120217391304,424631.52999999997,18,28,1,2.014302195652174,0.6428571428341837,1.4985476086956522,-695.8300634285714,63,Greed,Greed,Jan
2024-01-19,-385.419235,0.0,51.79852685525565,0.125,48,8925.603541666665,428428.97,32,16,2,1.9385805833333334,1.999999999875,-8.029567395833334,-534.1626195714285,51,Neutral,Neutral,Jan
2024-01-20,-146.57487000000003,0.0,38.554282761934644,0.14150943396226415,106,10095.193490566038,1070090.51,60,46,1,2.5237979528301886,1.3043478260586012,-1.3827817924528305,-531.6605294285714,52,Neutral,Neutral,Jan
2024-01-21,266.58114600000005,0.0,65.56080670770307,0.2727272727272727,11,9375.43090909091,103129.74,3,8,1,2.343857272727273,0.374999999953125,24.234649636363642,-218.50336228571427,56,Greed,Greed,Jan
2024-01-22,1375.640959,0.0,80.41613478472654,0.27058823529411763,85,3975.0469411764707,337878.99,51,34,2,0.7938619764705882,1.4999999999558824,16.18401128235294,-43.81945099999997,55,Greed,Greed,Jan
2024-01-23,-369.2447299999998,0.0,613.9643726523253,0.24444444444444444,45,9211.531777777778,414518.93000000005,33,12,1,1.9049904444444445,2.7499999997708335,-8.20543844444444,231.8843672857143,50,Neutral,Neutral,Jan
2024-01-24,-2808.353815,0.0,149.8053621490879,0.14705882352941177,68,14192.42044117647,965084.59,27,41,1,3.3495749264705883,0.6585365853497919,-41.29932080882353,-285.49105071428573,48,Neutral,Neutral,Jan
2024-01-25,-3093.6293849999997,-481.44219250000003,356.6379016697523,0.0,6,11094.355000000001,66566.13,0,6,1,2.773588666666667,0.0,-515.6048975,-737.2857042857142,52,Neutral,Neutral,Jan
2024-01-26,90.2,0.0,40.33866631409621,0.2,5,2354.642,11773.21,4,1,2,0.088847,3.9999999959999997,18.04,-669.3400992857142,49,Neutral,Neutral,Jan
2024-01-28,-2478.06972,-68.216526,262.6842407250483,0.0,11,1646.2754545454545,18109.03,0,11,1,-0.03292509090909091,0.0,-225.27906545454545,-1002.410792142857,54,Neutral,Neutral,Jan
2024-01-29,486.562542,0.0479375,28.607026832226527,0.6081081081081081,74,5597.407837837838,414208.18,21,53,2,1.395440608108108,0.3962264150868637,6.5751694864864865,-970.9848784285714,55,Greed,Greed,Jan
2024-01-30,-173.65419100000003,0.0,55.423048103905174,0.10204081632653061,49,8183.905714285715,401011.38,28,21,1,2.045975714285714,1.3333333332698412,-3.5439630816326537,-1192.312757,61,Greed,Greed,Jan
2024-01-31,-799.840817,0.0,21.84950915114784,0.26869158878504673,859,7340.683504074505,6305647.13,470,389,1,1.8037386204889407,1.2082262210765855,-0.93113017112922,-1253.8264837142856,60,Greed,Greed,Jan
2024-02-01,0.0,0.0,0.0,0.0,6,334.69666666666666,2008.18,6,0,1,0.08367399999999998,6000000000.0,0.0,-852.6330815714285,63,Greed,Greed,Feb
2024-02-02,456.423473,0.0,41.93124714430262,0.30952380952380953,42,11292.343571428572,474278.43,19,23,1,2.1802294285714288,0.8260869564858223,10.867225547619048,-345.4826732857144,63,Greed,Greed,Feb
2024-02-03,223.30918699999998,0.0,68.62663189543068,0.10714285714285714,56,10782.5,603820.0,18,38,1,1.9582562321428572,0.47368421051385046,3.9876640535714283,-326.4670751428572,60,Greed,Greed,Feb
2024-02-04,47.62389499999999,-0.02695,31.922762604224417,0.2571428571428571,35,5805.358,203187.53,19,16,1,1.4436251428571427,1.1874999999257811,1.360682714285714,34.34629842857136,60,Greed,Greed,Feb
2024-02-05,-33.45419400000003,0.0,46.10792460482958,0.19444444444444445,72,10697.198055555556,770198.26,33,39,1,2.299298125,0.84615384613215,-0.4646415833333337,-39.94180671428579,60,Greed,Greed,Feb
2024-02-06,-215.615907,0.0,12.69131338108202,0.15469613259668508,1088,7396.280707720588,8047153.41,517,571,1,0.9086461369485294,0.9054290718022672,-0.19817638511029412,-45.93633757142864,64,Greed,Greed,Feb
2024-02-07,241.24212,0.0,56.54657345272468,0.13333333333333333,15,450.582,6758.73,7,8,1,0.022646200000000002,0.874999999890625,16.082808,102.78979628571422,62,Greed,Greed,Feb
2024-02-08,770.756024,0.0,139.74567826297627,0.4,10,2605.112,26051.12,2,8,1,0.3002887,0.24999999996875,77.07560240000001,212.89779971428564,66,Greed,Greed,Feb
2024-02-11,983.443176,0.0,108.62231864377547,0.20588235294117646,34,6244.465294117647,212311.82,23,11,1,0.7339791764705882,2.090909090719008,28.924799294117648,288.18632871428565,71,Greed,Greed,Feb
2024-02-12,913.8817869999998,-26.696452,828.6571214700353,0.375,16,14202.981249999999,227247.69999999998,11,5,1,1.6944944375,2.19999999956,57.11761168749999,386.83955728571425,70,Greed,Greed,Feb
2024-02-13,559.44389,30.05825,37.98023035380744,1.0,14,142.85642857142858,1999.99,0,14,1,-0.0028565714285714284,0.0,39.960277857142856,459.95669942857137,79,Extreme Greed,Greed,Feb
2024-02-14,3830.599833,16.74,46.39591290180694,0.7477477477477478,111,2890.4493693693694,320839.88,34,77,2,0.20646372972972976,0.441558441552707,34.509908405405405,1011.9644175714285,74,Greed,Greed,Feb
2024-02-15,1840.797677,13.15072,316.49357810076214,0.9047619047619048,63,2939.4926984126987,185188.04,52,11,2,0.4874015396825397,4.727272726842975,29.219010746031746,1305.7377867142857,72,Greed,Greed,Feb
2024-02-16,5491.768834,11.42332,123.4402416266129,0.8021978021978022,182,3103.826978021978,564896.51,115,67,2,0.14958884615384616,1.7164179104221429,30.174554032967034,2055.8130315714284,72,Greed,Greed,Feb
2024-02-17,1929.6418,4.1904,60.99818527497303,0.648936170212766,94,4320.405,406118.07,50,44,2,0.6601601382978723,1.13636363633781,20.52810425531915,2221.368142428571,76,Extreme Greed,Greed,Feb
2024-02-18,477.6248299999999,6.59648,82.70537448739243,0.6288659793814433,97,1619.0532989690723,157048.17,38,59,1,-0.032380670103092785,0.6440677965992532,4.923967319587628,2149.1083787142857,72,Greed,Greed,Feb
2024-02-19,4317.768563,10.73646,118.65122386431476,0.7524752475247525,101,2835.417821782178,286377.2,40,61,2,0.14705564356435644,0.655737704907283,42.750183792079206,2635.377918142857,75,Extreme Greed,Greed,Feb
2024-02-20,3263.628824,13.6526,192.32028933388216,0.7948717948717948,39,3062.0441025641026,119419.72,13,26,2,0.07881217948717949,0.4999999999807692,83.68279035897436,3021.6900515714287,72,Greed,Greed,Feb
2024-02-21,1858.7985700000002,25.544000000000004,124.40293552909927,0.6818181818181818,22,4911.250909090909,108047.51999999999,7,15,2,0.13502859090909092,0.46666666663555556,84.49084409090909,2740.004156857143,78,Extreme Greed,Greed,Feb
2024-02-22,3894.1050699999996,0.0,227.58249822355432,0.4318181818181818,88,4239.02125,373033.87,35,53,2,0.28923386363636366,0.6603773584781061,44.25119397727272,3033.333784428571,74,Greed,Greed,Feb
2024-02-23,1418.55293,7.189966,13.037213323027334,0.958041958041958,143,776.966013986014,111106.14,131,12,1,-0.014455027972027973,10.916666665756944,9.91995055944056,2451.4457981428573,76,Extreme Greed,Greed,Feb
2024-02-25,-30.7705,0.0,8.951179489427636,0.0,5,896.0260000000001,4480.13,2,3,1,-0.01792,0.6666666664444444,-6.1541,2171.3868981428573,74,Greed,Greed,Feb
2024-02-26,4416.8473,31.028709,224.52232628850106,0.8717948717948718,39,4927.875384615385,192187.14,27,12,2,-0.002505769230769226,2.2499999998125,113.25249487179488,2734.1329652857144,72,Greed,Greed,Feb
2024-02-27,888.511733,0.0,91.69654366328295,0.4727272727272727,63,3323.2111111111108,209362.3,33,30,2,-0.05970807936507937,1.0999999999633334,14.103360841269842,2244.2391324285713,79,Extreme Greed,Greed,Feb
2024-02-28,2503.747235,18.122,130.75309252773027,0.8666666666666667,45,3802.380666666667,171107.13,31,14,1,-0.030603377777777777,2.214285714127551,55.63882744444444,2135.684619714286,82,Extreme Greed,Greed,Feb
2024-02-29,9813.996992,29.654400000000003,149.76818963391887,0.853448275862069,116,3410.9200862068965,395666.73,61,55,2,0.01171625,1.109090909070744,84.60342234482759,3272.141537142857,80,Extreme Greed,Greed,Feb
2024-03-01,8244.241409,27.04384,111.95860869453276,0.9343065693430657,137,3452.370072992701,472974.7,37,100,1,-0.00399163503649635,0.3699999999963,60.176944591240876,3893.5895855714293,80,Extreme Greed,Greed,Mar
2024-03-02,230.90060000000005,1.3124,250.64780257055287,0.6774193548387096,31,2038.6309677419354,63197.56,28,3,2,-0.0151331935483871,9.333333330222223,7.448406451612905,3723.924967,80,Extreme Greed,Greed,Mar
2024-03-03,8361.086245,15.04116,199.82398269178753,0.6835443037974683,79,4946.1478481012655,390745.68,36,43,1,-0.031735481012658225,0.8372093023061115,105.83653474683545,4922.761644857143,83,Extreme Greed,Greed,Mar
2024-03-04,27799.775742,30.85353,152.8211043688667,0.8866666666666667,300,5259.989566666667,1577996.87,161,139,2,-0.0018648299999999998,1.1582733812866313,92.66591914,8263.179993714286,82,Extreme Greed,Greed,Mar
2024-03-05,19791.026041,34.3644515,195.65804028577477,0.9055555555555556,180,4676.724,841810.32,55,125,1,-0.024658105555555556,0.43999999999648,109.95014467222222,10963.53918057143,90,Extreme Greed,Greed,Mar
2024-03-06,6814.825139,27.00537,146.9693030530839,0.8780487804878049,82,3990.4636585365856,327218.02,49,33,1,-0.04091851219512195,1.4848484848034895,83.10762364634145,11579.407452571428,75,Extreme Greed,Greed,Mar
2024-03-08,4271.886236,12.4432,148.75855367571137,0.8805970149253731,67,2740.047462686567,183583.18,19,48,1,-0.0548004328358209,0.39583333332508686,63.7594960597015,10787.67734457143,81,Extreme Greed,Greed,Mar
2024-03-09,9949.501624,25.01825,154.56552113291943,0.8290598290598291,117,5625.459401709401,658178.75,83,34,1,0.015827042735042738,2.441176470516436,85.03847541880343,11031.285946714286,84,Extreme Greed,Greed,Mar
2024-03-10,2482.9272,2.505,207.7542700001469,0.6904761904761905,42,5237.472619047619,219973.85,38,4,1,0.05431123809523809,9.499999997625,59.117314285714286,11353.004032428571,79,Extreme Greed,Greed,Mar
2024-03-11,3588.179495,18.72521,196.10462239183906,0.9285714285714286,42,4202.844047619047,176519.44999999998,12,30,1,0.2017354761904762,0.3999999999866667,85.43284511904761,10671.160210999999,82,Extreme Greed,Greed,Mar
2024-03-12,3039.166,16.76285,521.6006618377291,0.875,8,12880.10625,103040.85,1,7,1,0.618244125,0.1428571428367347,379.89575,7133.930247857143,81,Extreme Greed,Greed,Mar
2024-03-13,0.0,0.0,0.0,0.0,7,857.2571428571428,6000.799999999999,7,0,1,0.30003971428571424,7000000000.0,0.0,4306.640813428571,81,Extreme Greed,Greed,Mar
2024-03-14,3465.865832,50.144227,254.30826281723253,0.8888888888888888,18,11440.732222222221,205933.18,2,16,2,0.6509328888888889,0.1249999999921875,192.5481017777778,3828.218055285714,88,Extreme Greed,Greed,Mar
2024-03-15,6236.513651,24.1152,195.43403376403242,0.6612903225806451,62,5675.71629032258,351894.41,26,36,3,0.7981452096774193,0.7222222222021606,100.58892985483871,4108.8791145714285,83,Extreme Greed,Greed,Mar
2024-03-16,228.57984,0.0,80.815177453268,0.125,8,4652.9575,37223.66,5,3,2,1.316035,1.6666666661111111,28.57248,2720.1760025714284,81,Extreme Greed,Greed,Mar
2024-03-17,503.293955,0.0,43.52556412856168,0.43478260869565216,23,4326.389130434783,99506.95,18,5,3,1.4679708260869564,3.59999999928,21.882345869565217,2437.371253285714,79,Extreme Greed,Greed,Mar
2024-03-18,1456.9577,0.0,275.58147845163944,0.3157894736842105,19,4760.951578947369,90458.08,13,6,3,1.3128042105263156,2.1666666663055554,76.68198421052631,2132.910996857143,77,Extreme Greed,Greed,Mar
2024-03-19,668.797973,0.0,103.69610917201797,0.20833333333333334,24,9161.868333333334,219884.84,17,7,3,1.0828463333333334,2.42857142822449,27.86658220833333,1794.286993,79,Extreme Greed,Greed,Mar
2024-03-20,6423.134599,14.004,320.69467412818193,0.8695652173913043,69,3126.171739130435,215705.85,29,40,2,0.5779541739130435,0.724999999981875,93.08890723188406,2711.87765,74,Greed,Greed,Mar
2024-03-21,2335.5080749999997,27.4342,153.73594964500796,0.8214285714285714,28,4210.556071428572,117895.57,26,2,3,0.5855267857142857,12.9999999935,83.41100267857142,2550.3979704285716,78,Extreme Greed,Greed,Mar
2024-03-24,1297.018477,35.104212,84.64288646631248,0.7894736842105263,19,4873.274210526315,92592.20999999999,15,4,1,0.4678335263157895,3.7499999990625,68.26413036842105,1844.7558027142857,74,Greed,Greed,Mar
2024-03-25,1302.916428,149.807117,173.14631124356953,0.8571428571428571,7,8159.4742857142855,57116.32,0,7,1,2.855816,0.0,186.13091828571427,1998.232458142857,75,Extreme Greed,Greed,Mar
2024-03-26,3215.906593,18.078525,39.504335702364344,0.9322033898305084,118,1682.7558474576272,198565.19,8,110,2,0.238537313559322,0.07272727272661157,27.253445703389833,2385.7485492857145,81,Extreme Greed,Greed,Mar
2024-03-27,150.41114,0.0,13.739361367709469,0.3157894736842105,38,2628.020789473684,99864.79,19,19,2,0.8346829473684211,0.9999999999473684,3.9581878947368416,2199.099040714286,83,Extreme Greed,Greed,Mar
2024-03-28,227.85100799999998,12.233936,21.04651492781009,0.6923076923076923,13,2717.209230769231,35323.72,12,1,2,0.6968637692307692,11.999999987999999,17.527000615384615,2136.106617142857,80,Extreme Greed,Greed,Mar
2024-03-29,883.097404,0.0,95.5086831563824,0.4,15,5794.291333333333,86914.37,9,6,1,2.028002,1.49999999975,58.873160266666666,1344.672732142857,79,Extreme Greed,Greed,Mar
2024-03-30,1100.57514,10.11075,52.44350104198017,0.9777777777777777,45,2246.753777777778,101103.92,1,44,1,0.22087675555555555,0.0227272727267562,24.45722533333333,1168.2537414285714,75,Extreme Greed,Greed,Mar
2024-03-31,912.786145,16.0695,112.05139600499244,0.7692307692307693,13,3070.2276923076925,39912.96,0,13,1,1.0745786153846155,0.0,70.21431884615384,1113.3634082857145,75,Extreme Greed,Greed,Mar
2024-04-01,2507.963406,0.54675,92.06770180124278,0.5324675324675324,77,4408.7074025974025,339470.47,33,44,2,1.087680025974026,0.7499999999829546,32.57095332467532,1285.5129765714285,79,Extreme Greed,Greed,Apr
2024-04-02,883.760812,0.0,78.23542802217051,0.2926829268292683,41,5845.475853658536,239664.50999999998,10,31,2,1.9544530243902436,0.32258064515088447,21.555141756097562,952.3492935714286,79,Extreme Greed,Greed,Apr
2024-04-03,126.7884,0.0,63.3942,0.25,4,4221.8925,16887.57,3,1,2,0.41530025,2.9999999969999998,31.6971,948.9746164285715,71,Greed,Greed,Apr
2024-04-04,0.0,0.0,0.0,0.0,32,2999.6165625,95987.73,0,32,1,1.0498651562499999,0.0,0.0,916.4244724285714,70,Greed,Greed,Apr
2024-04-05,10706.484306,8.978760000000001,304.1028007265851,0.9,100,5037.918,503791.8,17,83,3,1.03430138,0.20481927710596604,107.06484306,2319.7654584285715,79,Extreme Greed,Greed,Apr
2024-04-06,236.33513399999998,0.0,42.149058574016486,0.25,16,4263.979375,68223.67,0,16,1,1.4923923125,0.0,14.770945874999999,2196.3026004285716,75,Extreme Greed,Greed,Apr
2024-04-07,0.0,0.0,0.0,0.0,23,2173.397391304348,49988.14,0,23,1,0.7606889130434782,0.0,0.0,2065.904579714286,78,Extreme Greed,Greed,Apr
2024-04-08,1218.4267,0.0,222.45326275219327,0.03333333333333333,30,7064.688,211940.64,1,29,2,2.0596849333333336,0.03448275861950059,40.614223333333335,1881.6850502857144,76,Extreme Greed,Greed,Apr
2024-04-09,0.0,0.0,0.0,0.0,3,19021.280000000002,57063.840000000004,0,3,1,6.657447,0.0,0.0,1755.4335057142857,80,Extreme Greed,Greed,Apr
2024-04-10,5207.443414,32.322,197.76893722954745,0.8780487804878049,41,8578.926097560974,351735.97,40,1,1,3.002623463414634,39.99999996,127.01081497560976,2481.241364857143,78,Extreme Greed,Greed,Apr
2024-04-11,389.743164,0.0,69.72639235953248,0.125,16,4775.06,76400.96,14,2,1,1.6712705625,6.9999999965,24.35894775,2536.918959714286,76,Extreme Greed,Greed,Apr
2024-04-12,-592.6458390000001,4.032548,122.96278242038903,0.5503875968992248,129,3427.0433333333335,442088.59,43,86,3,0.7562858527131783,0.49999999999418604,-4.594153790697676,922.7575104285714,79,Extreme Greed,Greed,Apr
2024-04-13,6621.451755,15.90732,185.05277424135176,0.6853932584269663,89,5465.294943820225,486411.25,46,43,2,1.337069393258427,1.069767441835587,74.3983343258427,1834.9170277142857,72,Greed,Greed,Apr
2024-04-14,-36104.012520000004,0.0,2139.677020173523,0.308411214953271,107,6160.394112149533,659162.17,46,61,2,1.995115925233645,0.7540983606433754,-337.4206777570094,-3322.799046571429,72,Greed,Greed,Apr
2024-04-15,3774.08872,14.65548,165.5095385447801,0.8536585365853658,41,7100.272926829269,291111.19,18,23,2,0.9914781463414633,0.7826086956181475,92.05094439024391,-2957.7044722857145,74,Greed,Greed,Apr
2024-04-16,2467.702221,17.7287,103.5102238356102,0.9148936170212766,47,3870.3653191489366,181907.17,31,16,2,0.3927167021276596,1.9374999998789062,52.504302574468085,-2605.175583571429,65,Greed,Greed,Apr
2024-04-17,2441.4683999999997,48.21955,232.6697853775852,0.9285714285714286,14,6968.785000000001,97562.99,13,1,1,0.7586402142857143,12.999999986999999,174.39059999999998,-3000.3148712857146,67,Greed,Greed,Apr
2024-04-19,1946.4454620000001,19.918472,114.02941773198246,0.7714285714285715,35,9635.940571428573,337257.92000000004,5,30,1,3.372578857142857,0.1666666666611111,55.61272748571429,-2777.928828714286,66,Greed,Greed,Apr
2024-04-20,0.0,0.0,0.0,0.0,22,2760.601818181818,60733.24,20,2,2,5.5131385,9.999999995,0.0,-2693.2651374285715,66,Greed,Greed,Apr
2024-04-22,0.0,0.0,0.0,0.0,9,5332.623333333333,47993.61,0,9,1,1.8664182222222223,0.0,0.0,-3639.186816714286,73,Greed,Greed,Apr
2024-04-23,1119.536196,0.07805000000000001,69.72604971216398,0.5151515151515151,66,3531.1348484848486,233054.9,36,30,2,1.0804314545454545,1.19999999996,16.962669636363636,1678.462999857143,71,Greed,Greed,Apr
2024-04-24,279.185907,0.0,47.020172247729526,0.3,20,7063.762,141275.24,13,7,1,2.4723157999999996,1.857142856877551,13.95929535,1179.1911694285716,72,Greed,Greed,Apr
2024-04-25,0.0,0.0,0.0,0.0,74,1624.8785135135136,120241.01,74,0,2,2.16431772972973,74000000000.0,0.0,826.6622807142857,72,Greed,Greed,Apr
2024-04-26,0.0,0.0,0.0,0.0,3,1662.7633333333335,4988.290000000001,0,3,1,0.581966,0.0,0.0,477.88108071428576,70,Greed,Greed,Apr
2024-04-27,4281.488139,61.458,205.65189595972714,0.7037037037037037,27,5713.498888888889,154264.47,0,27,1,1.999724074074074,0.0,158.57363477777778,811.458606,67,Greed,Greed,Apr
2024-04-28,0.0,0.0,0.0,0.0,58,758.3724137931034,43985.6,0,58,2,0.26543010344827583,0.0,0.0,811.458606,65,Greed,Greed,Apr
2024-04-29,526.9338359999999,0.0,34.303515225260476,0.37777777777777777,45,2415.5335555555553,108699.01,24,21,2,0.8454362222222221,1.142857142802721,11.709640799999999,886.7348682857144,67,Greed,Greed,Apr
2024-04-30,0.0,0.0,0.0,0.0,24,5209.114583333333,125018.75,24,0,1,1.8231895833333331,24000000000.0,0.0,726.8011260000001,67,Greed,Greed,Apr
2024-05-01,0.0,0.0,0.0,0.0,14,6216.103571428571,87025.45,14,0,1,2.175636285714286,14000000000.0,0.0,686.917425,54,Neutral,Neutral,May
2024-05-03,5306.017045,0.0,280.85451321791754,0.4722222222222222,36,7852.295833333333,282682.64999999997,3,33,3,2.7475189166666665,0.0909090909063361,147.3893623611111,1444.91986,48,Neutral,Neutral,May
2024-05-04,0.0,0.0,0.0,0.0,9,6555.416666666667,58998.75,0,9,2,2.2943954444444445,0.0,0.0,1444.91986,67,Greed,Greed,May
2024-05-05,0.916,0.0,0.37395543406489856,0.16666666666666666,6,4011.391666666667,24068.350000000002,1,5,2,1.4021296666666665,0.19999999996,0.15266666666666667,833.4095544285714,69,Greed,Greed,May
2024-05-06,968.59038,0.0,237.64601629026436,0.4444444444444444,9,22890.714444444442,206016.43,8,1,1,8.011749555555555,7.999999991999999,107.62115333333333,971.7796087142857,71,Greed,Greed,May
2024-05-07,883.537693,9.50184,57.79243416391551,0.5,18,6039.865555555556,108717.58,6,12,3,2.1132811666666664,0.49999999995833333,49.08542738888889,1022.7230168571429,68,Greed,Greed,May
2024-05-08,1.56576,0.0,1.641780493282545,0.07692307692307693,13,5074.89,65973.57,12,1,2,1.7751404615384616,11.999999987999999,0.12044307692307693,1022.9466968571429,64,Greed,Greed,May
2024-05-09,1147.595856,0.0,92.95513364107583,0.39285714285714285,28,7927.361428571428,221966.12,9,19,2,2.7745761428571427,0.47368421050138504,40.985566285714285,1186.8889619999998,55,Greed,Greed,May
2024-05-10,2101.741695,0.0,240.61922882162773,0.2727272727272727,22,7131.0,156882.0,16,6,1,2.4958495454545453,2.666666666222222,95.53371340909092,729.1353405714286,66,Greed,Greed,May
2024-05-11,251.604742,6.001646,38.73340875071258,1.0,9,7027.661111111111,63248.95,0,9,1,2.459680555555556,0.0,27.956082444444444,765.0788751428572,53,Neutral,Neutral,May
2024-05-12,0.0,0.0,0.0,0.0,23,2399.111304347826,55179.56,17,6,2,0.8396882173913044,2.833333332861111,0.0,764.9480179999999,56,Greed,Greed,May
2024-05-13,2136.853859,0.0,243.34956677379947,0.35714285714285715,28,6897.103571428571,193118.9,5,23,2,2.4139856785714287,0.21739130433837428,76.31620925,931.8428007142858,57,Greed,Greed,May
2024-05-14,1150.5233050000002,0.0,172.16967241498202,0.17391304347826086,23,6341.452173913043,145853.4,23,0,1,2.219508043478261,23000000000.0,50.02275239130436,969.9836024285714,66,Greed,Greed,May
2024-05-15,948.970582,0.0,49.856725134153635,0.4722222222222222,36,6525.626944444444,234922.57,11,25,1,2.2839690833333335,0.4399999999824,26.360293944444447,1105.3271484285713,64,Greed,Greed,May
2024-05-16,214.5898,0.0,22.074222982345514,0.18518518518518517,27,6022.998518518518,162620.96,14,13,2,2.108048888888889,1.0769230768402367,7.94777037037037,972.0405689999999,70,Greed,Greed,May
2024-05-18,3522.3946610000003,6.828,227.39973415277277,0.64,25,5052.1256,126303.14,7,18,1,1.7682436799999999,0.38888888886728395,140.89578644000002,1174.9909927142858,73,Greed,Greed,May
2024-05-19,0.0,0.0,0.0,0.0,8,3749.76125,29998.09,8,0,1,1.3124158750000001,7999999999.999999,0.0,1139.0474581428573,72,Greed,Greed,May
2024-05-20,-74.818442,0.0,17.723593661416892,0.0,10,3812.475,38124.75,7,3,2,1.3343662,2.3333333325555556,-7.4818442,1128.3591092857143,70,Greed,Greed,May
2024-05-21,7289.397571999999,0.0,423.27708989145884,0.112,125,8807.588720000002,1100948.59,29,96,2,3.0826555520000003,0.3020833333301866,58.31518057599999,1864.4367825714285,76,Extreme Greed,Greed,May
2024-05-22,0.0,0.0,0.0,0.0,6,7499.215,44995.29,0,6,1,2.6247248333333335,0.0,0.0,1700.0763104285713,76,Extreme Greed,Greed,May
2024-05-23,413.347329,0.0,5.578175006741024,0.4430769230769231,325,1236.4633846153845,401850.6,188,137,3,0.34901562769230765,1.3722627737126114,1.2718379353846154,1623.5587028571426,76,Extreme Greed,Greed,May
2024-05-24,821.949278,410.974639,255.14111984227185,1.0,2,25405.949999999997,50811.899999999994,0,2,1,8.8920825,0.0,410.974639,1710.3243425714284,74,Greed,Greed,May
2024-05-25,14.126038999999999,0.0,1.5788774135169148,0.3125,16,1874.4456249999998,29991.129999999997,7,9,2,0.6404304375000001,0.777777777691358,0.8828774374999999,1209.1431108571428,76,Extreme Greed,Greed,May
2024-05-26,778.6839,0.0,184.14441743928418,0.25,16,3373.541875,53976.67,2,14,2,1.1730119374999999,0.14285714284693876,48.66774375,1320.383668,75,Extreme Greed,Greed,May
2024-05-27,1129.35587,0.0,10.695100246439745,0.35856573705179284,251,602.0546613545816,151115.72,93,158,1,0.18259946613545816,0.5886075949329835,4.499425776892431,1492.4085697142855,74,Greed,Greed,May
2024-05-29,277.791953,0.0,4.9605585779682295,0.4146341463414634,164,513.8339024390243,84268.76,67,97,2,0.22485731097560974,0.6907216494774152,1.6938533719512194,490.7506241428572,72,Greed,Greed,May
2024-05-30,20.951433,1.617104,3.7577088098581393,0.7142857142857143,7,405.4414285714286,2838.09,5,2,1,0.1419037142857143,2.49999999875,2.9930618571428576,493.74368599999997,73,Greed,Greed,May
2024-05-31,25.35812,0.0,3.8342365986890954,0.3076923076923077,13,279.70307692307694,3636.14,4,9,1,0.09789584615384615,0.4444444443950617,1.9506246153846154,438.31665614285714,73,Greed,Greed,May
2024-06-01,91.510419,0.0,7.909299454844354,0.36,25,513.3848,12834.62,9,16,1,0.17968424,0.5624999999648438,3.66041676,333.96824771428567,72,Greed,Greed,Jun
2024-06-02,192.906947,0.0,4.425015055071825,0.3655913978494624,93,316.822688172043,29464.51,34,59,1,0.08379475268817205,0.5762711864309107,2.074268247311828,359.5083774285714,73,Greed,Greed,Jun
2024-06-03,562.808208,4.63499,11.849209775400267,0.6285714285714286,70,306.66942857142857,21466.86,44,26,1,0.07682979999999999,1.6923076922426035,8.040117257142859,328.6689928571429,73,Greed,Greed,Jun
2024-06-04,52.211438,0.0,2.4828445149485265,0.4716981132075472,53,457.42283018867926,24243.41,25,28,1,0.1402443962264151,0.8928571428252551,0.9851214716981133,174.79121685714287,73,Greed,Greed,Jun
2024-06-05,56.055506,0.0,2.9096994557928553,0.2962962962962963,54,469.4587037037037,25350.77,17,37,1,0.13155666666666668,0.4594594594470417,1.038064925925926,143.11458157142857,75,Extreme Greed,Greed,Jun
2024-06-06,274.173187,0.0,3.3659483181601715,0.42735042735042733,234,587.8536752136753,137557.76,102,132,1,0.15845907692307692,0.7727272727214188,1.1716802863247862,179.28911785714286,78,Extreme Greed,Greed,Jun
2024-06-07,8902.467416,0.0,103.25220050843622,0.4,440,2496.7926363636366,1098588.76,181,259,3,0.8476424181818182,0.6988416988390006,20.23288049090909,1447.4475887142855,77,Extreme Greed,Greed,Jun
2024-06-08,129.13883900000002,0.0,13.610694021064663,0.27586206896551724,29,3356.961379310345,97351.88,21,8,2,1.1749357586206897,2.624999999671875,4.453063413793104,1452.823077285714,72,Greed,Greed,Jun
2024-06-09,0.0,0.0,0.0,0.0,17,1318.2482352941176,22410.22,17,0,2,0.4421044117647059,16999999999.999998,0.0,1425.2649419999998,75,Extreme Greed,Greed,Jun
2024-06-10,31.266804999999998,0.0,1.9665257227845954,0.33962264150943394,53,879.0175471698113,46587.93,22,31,2,0.27728920754716985,0.7096774193319458,0.589939716981132,1349.3304558571429,72,Greed,Greed,Jun
2024-06-11,4320.631811,0.0,169.7310786091785,0.13821138211382114,123,3034.7960975609753,373279.92,114,9,3,1.0563269349593496,12.666666665259259,35.12708789430894,1959.1047948571427,74,Greed,Greed,Jun
2024-06-12,-21886.531493,0.0,276.1864377273308,0.08267716535433071,254,761.4486614173228,193407.96,115,139,2,0.2516591220472441,0.8273381294904508,-86.16744682283463,-1175.5504907142856,72,Greed,Greed,Jun
2024-06-13,6632.757115,0.0,192.75704215520875,0.24050632911392406,79,1678.1926582278481,132577.22,76,3,2,0.4227816455696202,25.333333324888887,83.95895082278481,-267.181358142857,70,Greed,Greed,Jun
2024-06-14,10258.592609,0.0,997.7044158485279,0.4838709677419355,31,4511.892258064517,139868.66,31,0,2,1.2565830967741936,30999999999.999996,330.9223422258064,-73.4491877142856,74,Greed,Greed,Jun
2024-06-15,3369.958346,0.0,86.67556232059664,0.48717948717948717,78,9209.61858974359,718350.25,9,69,2,3.223366012820513,0.1304347826068053,43.20459417948718,389.5250275714287,74,Greed,Greed,Jun
2024-06-16,0.0,0.0,0.0,0.0,11,2294.0981818181817,25235.079999999998,0,11,1,0.8029342727272727,0.0,0.0,389.52502757142867,71,Greed,Greed,Jun
2024-06-17,10599.502375,144.121501,315.144564194019,0.6578947368421053,38,9694.213684210526,368380.12,32,6,2,3.3929743421052634,5.333333332444444,278.9342730263158,1899.272966142857,71,Greed,Greed,Jun
2024-06-18,282.57636,0.0,29.448076746454035,0.16,25,10532.5916,263314.79,21,4,2,2.68641032,5.2499999986875,11.3030544,1322.4079017142856,74,Greed,Greed,Jun
2024-06-19,4887.656944,0.399945,180.97142293583357,0.5081967213114754,61,6837.231475409836,417071.12,3,58,3,2.276258081967213,0.05172413793014269,80.12552367213115,5147.291964142857,64,Greed,Greed,Jun
2024-06-20,57478.456026,0.0,4202.023348756396,0.0,39,5333.097435897435,207990.8,0,31,3,0.3453602564102564,0.0,1473.8065647692308,12410.963237142856,60,Greed,Greed,Jun
2024-06-21,773.5582039999999,0.0,54.6582097931937,0.0375,80,2203.306125,176264.49,68,12,2,0.7659637375,5.666666666194445,9.66947755,11055.958322142857,63,Greed,Greed,Jun
2024-06-22,756.876565,0.0,65.30392406982597,0.3333333333333333,24,7066.427916666667,169594.27000000002,4,20,2,1.6888909166666668,0.19999999999,31.536523541666668,10682.660924857144,53,Neutral,Neutral,Jun
2024-06-23,0.0,0.0,0.0,0.0,5,358.424,1792.12,0,5,1,0.035842399999999996,0.0,0.0,10682.660924857144,55,Greed,Greed,Jun
2024-06-24,0.0,0.0,0.0,0.0,31,13000.090322580645,403002.8,25,6,2,3.340354870967742,4.1666666659722225,0.0,9168.446299857143,51,Neutral,Neutral,Jun
2024-06-25,4869.353105,0.0,242.73329860014363,0.22448979591836735,49,2104.062857142857,103099.08,11,38,1,0.7364214489795918,0.2894736842029086,99.3745531632653,9823.700120571428,30,Fear,Fear,Jun
2024-06-26,4197.732182,0.0,181.6926720751968,0.2916666666666667,72,5072.092500000001,365190.66000000003,41,31,2,1.7715874999999999,1.3225806451186264,58.30183586111111,9725.139440285713,46,Neutral,Neutral,Jun
2024-06-27,0.0,0.0,0.0,0.0,30,4349.565,130486.95,12,18,2,1.5185337333333335,0.6666666666296296,0.0,1513.9314365714285,40,Fear,Fear,Jun
2024-06-29,6150.326145,0.0,179.89968807670226,0.32,75,3734.6014666666665,280095.11,35,40,2,6.137269746666667,0.874999999978125,82.0043486,2282.041142428571,30,Fear,Fear,Jun
2024-06-30,0.0,0.0,0.0,0.0,14,2180.049285714286,30520.69,5,9,2,1.2184049285714287,0.5555555554938272,0.0,2173.915918857143,47,Neutral,Neutral,Jun
2024-07-01,5065.839308,0.0,207.33447463371925,0.3125,64,5666.721093749999,362670.14999999997,6,58,2,6.645672265625,0.10344827586028538,79.1537391875,2897.6072485714285,53,Neutral,Neutral,Jul
2024-07-02,2421.253116,10.35,226.36405308073617,0.4444444444444444,18,1852.6372222222224,33347.47,13,5,1,0.6365961111111111,2.59999999948,134.514062,3243.5005508571426,51,Neutral,Neutral,Jul
2024-07-03,1118.387284,0.0,130.94390209637675,0.2222222222222222,18,9977.814444444444,179600.66,18,0,2,3.479371222222222,18000000000.0,62.132626888888886,2707.648290714286,50,Neutral,Neutral,Jul
2024-07-04,0.0,0.0,0.0,0.0,25,17222.720400000002,430568.01,25,0,2,4.5209858,25000000000.0,0.0,2107.9722647142858,44,Fear,Fear,Jul
2024-07-05,0.0,0.0,0.0,0.0,32,8509.0590625,272289.89,32,0,2,2.97283490625,31999999999.999996,0.0,2107.9722647142858,29,Fear,Fear,Jul
2024-07-06,108.87217799999999,0.0,10.03473956812726,0.0,24,103.75708333333334,2490.17,17,7,1,14.34809,2.42857142822449,4.53634075,1244.9074122857141,26,Fear,Fear,Jul
2024-07-07,61.428942,4.9143155,4.100173833321266,0.0,10,49.875,498.75,0,10,1,0.004987500000000001,0.0,6.1428942,1253.6829754285716,29,Fear,Fear,Jul
2024-07-08,0.0,0.0,,0.0,1,497.64,497.64,1,0,1,0.0156,999999999.9999999,0.0,529.9916457142857,28,Fear,Fear,Jul
2024-07-09,648.984412,37.164306,40.13596510326193,0.0,15,182.42999999999998,2736.45,0,15,1,0.026504533333333337,0.0,43.265627466666665,276.81040228571425,27,Fear,Fear,Jul
2024-07-10,11977.734907,59.449220999999994,337.8156690082534,0.5892857142857143,56,12283.93232142857,687900.21,10,46,2,4.2993757142857145,0.2173913043431002,213.88812333928573,1828.145777,28,Fear,Fear,Jul
2024-07-11,1876.812082,0.0,150.16378122148163,0.47368421052631576,19,8941.422105263156,169887.02,10,9,1,3.1294969999999998,1.1111111109876544,98.77958326315789,2096.2617887142856,29,Fear,Fear,Jul
2024-07-12,1412.314654,0.0,112.44287174423458,0.47368421052631576,19,4714.893157894737,89582.97,19,0,2,1.6502120526315789,19000000000.0,74.33235021052631,2298.021025,25,Fear,Fear,Jul
2024-07-13,2913.617837,105.890838,173.27801983740284,0.7647058823529411,17,8187.599411764706,139189.19,0,17,2,2.865659411764706,0.0,171.38928452941175,2698.6989762857143,25,Fear,Fear,Jul
2024-07-14,0.0,0.0,0.0,0.0,7,12000.16142857143,84001.13,0,7,1,4.200055571428572,0.0,0.0,2689.923413142857,33,Fear,Fear,Jul
2024-07-15,-1.0,0.0,0.1400758054109933,0.0,26,7628.6480769230775,198344.85,2,24,2,2.653683423076923,0.0833333333298611,-0.038461538461538464,2689.780556,52,Neutral,Neutral,Jul
2024-07-16,0.0,0.0,0.0,0.0,22,6545.480454545454,144000.57,0,22,1,2.290917318181818,0.0,0.0,2597.0684971428573,65,Greed,Greed,Jul
2024-07-17,1859.269477,0.0,11.718171265834037,0.4131054131054131,351,1783.4915384615385,626005.53,155,196,3,0.5886094387464388,0.7908163265265775,5.297064037037037,1151.5734357142858,69,Greed,Greed,Jul
2024-07-18,3803.884311,19.3456475,87.92602091436942,0.8,60,10828.414166666666,649704.85,60,0,2,3.7899444,60000000000.0,63.398071849999994,1426.8694684285713,61,Greed,Greed,Jul
2024-07-19,2155.891114,12.29371,179.87386804302622,0.5217391304347826,23,6533.453043478262,150269.42,1,22,2,2.2867081739130435,0.04545454545247934,93.73439626086956,1533.0946769999998,60,Greed,Greed,Jul
2024-07-20,2299.169566,0.0,53.62978209591339,0.12406015037593984,266,918.65492481203,244362.21,41,225,2,0.30360307518797,0.18222222222141235,8.643494609022557,1445.3163525714285,74,Greed,Greed,Jul
2024-07-21,-2960.716887,0.0,11.365602294450625,0.046875,448,523.0077232142856,234307.46,239,209,2,0.14447174107142854,1.143540669850988,-6.608743051339286,1022.3567972857143,74,Greed,Greed,Jul
2024-07-22,1517.119876,-1.8459855,72.41291986688015,0.13636363636363635,154,1975.4142857142856,304213.8,102,52,2,0.6328541298701299,1.9615384615007398,9.851427766233765,1239.2310652857143,70,Greed,Greed,Jul
2024-07-23,89890.302206,38.355177,513.7954073277451,0.8891891891891892,370,968.9906486486486,358526.54,137,233,3,0.16011655675675676,0.5879828326155022,242.9467627189189,14080.702808999999,71,Greed,Greed,Jul
2024-07-24,625.561479,0.0,19.95680710255259,0.2,90,768.977,69207.93,54,9,5,0.6118586555555555,5.999999999333333,6.9506831,13904.458809285714,69,Greed,Greed,Jul
2024-07-25,916.7382600000001,0.0,40.81134378827734,0.1282051282051282,78,6776.350128205129,528555.31,77,0,3,2.8741784102564103,77000000000.0,11.753054615384617,13492.009373428571,68,Greed,Greed,Jul
2024-07-26,2766.513113,0.0,50.86868522207445,0.40131578947368424,152,3609.1292763157894,548587.65,43,108,4,1.3589935197368421,0.3981481481444616,18.200744164473683,13579.241087571429,68,Greed,Greed,Jul
2024-07-27,6400.623656,41.72143,157.88829917379803,0.7368421052631579,57,15880.697368421053,905199.75,9,47,2,5.558243754385964,0.19148936169805345,112.2916430877193,14165.16310042857,72,Greed,Greed,Jul
2024-07-28,587.29903,36.338475,36.25797427381541,0.75,16,2703.4175,43254.68,15,1,2,0.946195125,14.999999984999999,36.706189375,14672.022517142856,71,Greed,Greed,Jul
2024-07-29,330.80445399999996,0.0,21.730673754432168,0.41025641025641024,39,8389.72153846154,327199.14,18,21,2,2.9364021538461538,0.8571428571020409,8.482165487179486,14502.54888542857,74,Greed,Greed,Jul
2024-07-30,0.0,0.0,0.0,0.0,6,6001.078333333334,36006.47,6,0,1,2.1003773333333333,6000000000.0,0.0,1661.0771417142857,67,Greed,Greed,Jul
2024-07-31,765.690884,0.0,45.986517776302854,0.32558139534883723,43,1965.2683720930231,84506.54,17,26,2,0.6878434186046513,0.6538461538210059,17.806764744186047,1681.095628142857,61,Greed,Greed,Jul
2024-08-01,167.080017,0.0,23.197203266011744,0.07017543859649122,57,3996.044385964912,227774.53,47,9,4,1.8964041403508771,5.222222221641975,2.9312283684210527,1574.0015934285714,52,Neutral,Neutral,Aug
2024-08-02,782.3681909999999,0.0,44.14907581961201,0.2698412698412698,63,6290.799523809524,396320.37,42,20,3,2.3098486031746033,2.099999999895,12.418542714285714,1290.5523188571426,57,Greed,Greed,Aug
2024-08-03,464.1897,0.0,76.3123165975776,0.02702702702702703,37,7852.239459459459,290532.86,36,0,5,2.936570432432432,36000000000.0,12.545667567567568,442.49032514285716,37,Fear,Fear,Aug
2024-08-04,-122672.000883,0.0,3618.961540622186,0.023622047244094488,127,9509.795826771655,1207744.07,60,65,5,3.5110412204724413,0.9230769230627218,-965.9212667952756,-17165.981091,34,Fear,Fear,Aug
2024-08-05,-13013.665169,0.0,795.0273715447163,0.1,80,5256.1925,420495.4,41,39,4,2.533989475,1.0512820512550953,-162.6708146125,-19072.333894285715,26,Fear,Fear,Aug
2024-08-06,267.318048,0.0,8.28376598603028,0.0,107,574.5642990654205,61478.38,76,31,2,0.5852455981308411,2.451612903146722,2.4982995140186914,-19034.14560171429,17,Extreme Fear,Fear,Aug
2024-08-07,188.789255,0.0,10.349410204930836,0.0,33,75.53848484848484,2492.77,12,10,3,0.11370314545454546,1.19999999988,5.720886515151515,-19116.560120142858,29,Fear,Fear,Aug
2024-08-08,-40.712216999999995,0.0,9.68187399440364,0.0,9,1811.038888888889,16299.35,5,3,2,0.7386661111111111,1.6666666661111111,-4.5235796666666666,-19146.244725,20,Extreme Fear,Fear,Aug
2024-08-09,18082.071276,0.0,454.8533022933731,0.2986111111111111,144,3494.4781944444444,503204.86,54,89,5,1.2864887547222221,0.6067415730268905,125.56993941666666,-16674.85857,48,Neutral,Neutral,Aug
2024-08-10,0.0,0.0,0.0,0.0,88,128.8555681818182,11339.29,87,0,2,0.5691271352272728,87000000000.0,0.0,-16741.171384285717,40,Fear,Fear,Aug
2024-08-11,847.7766200000001,0.0,91.2518343902943,0.16666666666666666,24,1842.9254166666667,44230.21,16,8,2,1.7054702916666666,1.99999999975,35.32402583333334,904.5111161428571,39,Fear,Fear,Aug
2024-08-12,858.6705000000001,0.0,64.64753431191872,0.125,48,1128.4858333333334,54167.32,39,8,3,0.7514978124999999,4.874999999390625,17.88896875,2886.2733545714286,25,Fear,Fear,Aug
2024-08-13,212.08102,0.0,19.422324125365535,0.34782608695652173,23,904.2552173913043,20797.87,20,0,3,0.7796903043478259,20000000000.0,9.220913913043479,2878.382350571428,31,Fear,Fear,Aug
2024-08-14,2168.9015130000003,0.0,329.1190167138969,0.2,25,2668.4012,66710.03,19,5,3,1.8597242399999998,3.7999999992399998,86.75606052,3161.255530285714,30,Fear,Fear,Aug
2024-08-15,0.0,0.0,0.0,0.0,12,126.86416666666668,1522.3700000000001,12,0,1,1.3752175,12000000000.0,0.0,3167.071561285714,29,Fear,Fear,Aug
2024-08-16,825.230544,0.0,80.13737948448535,0.08571428571428572,35,4753.795428571429,166382.84,32,3,2,2.3196554857142857,10.66666666311111,23.578015542857145,701.8085995714288,27,Fear,Fear,Aug
2024-08-17,-288.283113,0.0,52.63305464597027,0.0,30,1008.2986666666667,30248.96,29,1,2,0.5698846333333333,28.999999970999998,-9.609437100000001,660.6252977142858,25,Fear,Fear,Aug
2024-08-18,307.201888,8.270808,30.913873872729887,0.8,15,4186.965333333334,62804.48,0,14,2,1.4654371333333336,0.0,20.480125866666665,583.400336,31,Fear,Fear,Aug
2024-08-19,339.69958299999996,14.0197665,67.50399160612497,0.625,8,12539.37875,100315.03,3,5,1,4.38878225,0.59999999988,42.462447874999995,509.2616335714286,28,Fear,Fear,Aug
2024-08-20,192.602844,0.0,55.59965191504375,0.08333333333333333,12,4159.566666666667,49914.8,5,7,2,1.4558478333333333,0.7142857141836735,16.050237,506.47903700000006,30,Fear,Fear,Aug
2024-08-21,656.200925,0.0,16.514528261674556,0.3724137931034483,145,724.0717931034483,104990.41,56,89,2,0.2534247103448276,0.6292134831389976,4.525523620689655,290.37895299999997,26,Fear,Fear,Aug
2024-08-23,1005.30527,0.0,280.4841642773341,0.3,10,6350.956,63509.56,0,10,1,2.2228342,0.0,100.53052699999999,433.9939915714285,34,Fear,Fear,Aug
2024-08-24,0.0,0.0,0.0,0.0,7,4999.952857142857,34999.67,0,7,2,1.7499831428571428,0.0,0.0,316.1039138571428,56,Greed,Greed,Aug
2024-08-25,0.0,0.0,0.0,0.0,17,1291.1929411764704,21950.28,8,9,2,1.5472707647058823,0.8888888887901234,0.0,357.2872157142857,54,Neutral,Neutral,Aug
2024-08-26,231.236918,0.0,60.225332502001116,0.3333333333333333,6,15435.211666666668,92611.27,6,0,2,5.383821999999999,6000000000.0,38.539486333333336,346.4350771428571,55,Greed,Greed,Aug
2024-08-27,0.0,0.0,0.0,0.0,50,1405.0032,70250.16,49,0,2,1.04107104,49000000000.0,0.0,297.90656528571424,48,Neutral,Neutral,Aug
2024-08-28,1333.359645,0.0,294.00593721532755,0.2222222222222222,9,7906.674444444444,71160.06999999999,9,0,2,2.767336222222222,9000000000.0,148.15107166666667,460.8718225714286,30,Fear,Fear,Aug
2024-08-29,0.0,0.0,,0.0,1,9995.85,9995.85,0,1,1,3.498547,0.0,0.0,367.1288332857143,29,Fear,Fear,Aug
2024-08-30,256.464,0.0,104.70098956552417,0.16666666666666666,6,6205.54,37233.24,4,0,4,2.1718626666666663,3999999999.9999995,42.744,260.151509,34,Fear,Fear,Aug
2024-08-31,10.882801,0.0,0.8923899892238314,0.029411764705882353,34,3161.983235294118,107507.43000000001,11,22,3,1.1751563235294118,0.49999999997727274,0.3200823823529412,261.70619485714286,29,Fear,Fear,Aug
2024-09-01,137.433093,0.0,25.479618769976113,0.4166666666666667,12,1029.9733333333334,12359.68,7,4,1,0.36048841666666664,1.7499999995625,11.452757750000002,281.3394938571429,26,Fear,Fear,Sep
2024-09-02,0.0,0.0,0.0,0.0,2,15000.21,30000.42,2,0,1,5.250074,1999999999.9999998,0.0,248.30564842857143,26,Fear,Fear,Sep
2024-09-04,1065.785132,0.0,462.16602470807555,0.14705882352941177,34,3867.0873529411765,131480.97,31,3,2,1.8697125588235293,10.33333332988889,31.346621529411763,400.56066728571426,27,Fear,Fear,Sep
2024-09-05,0.0,0.0,,0.0,1,0.84,0.84,0,0,1,0.0,0.0,0.0,210.080718,29,Fear,Fear,Sep
2024-09-06,-1104.856765,-24.855381,21.910908628012873,0.0,42,929.6928571428571,39047.1,4,38,2,0.3253922857142857,0.10526315789196677,-26.306113452380952,52.244037285714285,22,Extreme Fear,Fear,Sep
2024-09-08,0.0,0.0,,0.0,1,0.11,0.11,0,0,1,0.0,0.0,0.0,15.606323,29,Fear,Fear,Sep
2024-09-09,0.0,0.0,0.0,0.0,2,2007.2150000000001,4014.4300000000003,2,0,1,17.45395,1999999999.9999998,0.0,14.051637142857142,26,Fear,Fear,Sep
2024-09-10,-219.729659,-37.697891,96.08066367806516,0.0,3,849.0933333333334,2547.28,1,2,2,2.4301333333333335,0.49999999975,-73.24321966666666,-36.971613142857144,33,Fear,Fear,Sep
2024-09-11,0.0,0.0,,0.0,1,0.54,0.54,0,0,1,0.0,0.0,0.0,-36.971613142857144,37,Fear,Fear,Sep
2024-09-14,0.0,0.0,0.0,0.0,11,92.25454545454546,1014.8000000000001,10,0,2,2.7619390909090913,10000000000.0,0.0,-189.22663200000002,50,Neutral,Neutral,Sep
2024-09-18,-878.684794,-5.504981,4.966129290375059,0.0,145,94.02413793103449,13633.5,11,134,1,0.2188478827586207,0.08208955223819336,-6.059895131034483,-314.75303114285714,45,Neutral,Neutral,Sep
2024-09-19,0.0,0.0,0.0,0.0,19,80.09842105263158,1521.8700000000001,19,0,1,1.5056663157894736,19000000000.0,0.0,-156.91635042857143,49,Neutral,Neutral,Sep
2024-09-20,9585.03428,34.911835,2004.9515901146353,0.5,16,20804.58625,332873.38,3,13,2,6.8323144375,0.2307692307514793,599.0646425,1212.3742610000002,54,Neutral,Neutral,Sep
2024-09-21,36165.56933,1147.561968,1429.8114770090967,1.0,23,7202.092173913044,165648.12,0,23,1,2.5207322173913043,0.0,1572.416057826087,6378.8841652857145,54,Neutral,Neutral,Sep
2024-09-22,0.0,0.0,0.0,0.0,3,6666.579999999999,19999.739999999998,3,0,1,2.3333023333333336,3000000000.0,0.0,6410.274116571428,52,Neutral,Neutral,Sep
2024-09-23,334.760796,167.380398,236.7116289270065,0.5,2,20167.145,40334.29,1,1,1,7.058501000000001,0.9999999989999999,167.380398,6458.097087428571,50,Neutral,Neutral,Sep
2024-09-24,0.0,0.0,0.0,0.0,10,711.863,7118.63,9,1,2,1.2966142,8.999999991,0.0,6458.097087428571,54,Neutral,Neutral,Sep
2024-09-25,0.0,0.0,0.0,0.0,9,5861.570000000001,52754.130000000005,6,3,2,1.9738529999999999,1.9999999993333333,0.0,6583.623486571429,59,Greed,Greed,Sep
2024-09-26,439.812513,0.0,154.20271831132595,0.25,8,14213.991250000001,113711.93000000001,0,8,2,3.9185255,0.0,54.976564125,6646.453845571428,50,Neutral,Neutral,Sep
2024-09-27,0.0,0.0,0.0,0.0,56,2251.732857142857,126097.04,0,56,2,0.669701982142857,0.0,0.0,5277.163234142857,61,Greed,Greed,Sep
2024-09-28,0.0,0.0,0.0,0.0,4,7299.8025,29199.21,0,4,1,0.7007800000000001,0.0,0.0,110.65332985714288,64,Greed,Greed,Sep
2024-09-30,2710.626288,0.0,133.6657057863591,0.04716981132075472,106,2025.1872641509435,214669.85,10,96,2,0.6192224150943396,0.1041666666655816,25.571946113207545,497.8856567142857,61,Greed,Greed,Sep
2024-10-01,0.0,0.0,0.0,0.0,4,34988.58,139954.32,4,0,1,12.2460025,3999999999.9999995,0.0,450.06268585714287,50,Neutral,Neutral,Oct
2024-10-02,0.0,0.0,0.0,0.0,4,24988.585,99954.34,4,0,1,8.746004249999999,3999999999.9999995,0.0,450.06268585714287,42,Fear,Fear,Oct
2024-10-03,100.375782,0.0,20.273575382952355,0.3333333333333333,9,14770.632222222222,132935.69,6,3,2,5.169721222222223,1.9999999993333333,11.152864666666666,464.40208328571435,37,Fear,Fear,Oct
2024-10-04,0.0,0.0,,0.0,1,0.34,0.34,0,0,1,0.0,0.0,0.0,401.57172428571437,41,Fear,Fear,Oct
2024-10-05,5767.161892,39.480396,217.0879728346648,0.6486486486486487,37,16367.722702702702,605605.74,9,27,2,5.728696513513514,0.33333333332098763,155.86924032432432,1225.4519945714287,49,Neutral,Neutral,Oct
2024-10-06,130.487079,0.0,17.741123762831634,0.22727272727272727,22,13642.298181818182,300130.56,6,16,1,4.774804227272727,0.3749999999765625,5.9312308636363635,1244.093005857143,50,Neutral,Neutral,Oct
2024-10-07,0.0,0.0,0.0,0.0,21,10475.459523809524,219984.65,0,21,1,3.6664102857142855,0.0,0.0,856.8606790000002,50,Neutral,Neutral,Oct
2024-10-08,5396.546638,29.615628,223.40754741053024,0.9166666666666666,36,12071.781388888889,434584.13,34,0,2,4.225117222222222,33999999999.999996,149.90407327777777,1627.7959130000002,49,Neutral,Neutral,Oct
2024-10-09,396.06272,0.0,61.54299038481661,0.21428571428571427,14,15742.852142857142,220399.93,11,3,1,5.509997642857143,3.666666665444444,28.290194285714286,1684.3763015714287,49,Neutral,Neutral,Oct
2024-10-10,0.0,0.0,0.0,0.0,16,18751.521249999998,300024.33999999997,16,0,1,6.563031875,15999999999.999998,0.0,1670.036904142857,39,Fear,Fear,Oct
2024-10-11,8885.327477,232.8029795,367.9830904604618,0.6923076923076923,26,18804.007307692307,488904.19,0,25,2,6.581392076923077,0.0,341.74336450000004,2939.3694008571433,32,Fear,Fear,Oct
2024-10-12,541.55471,20.7155355,63.374247509280295,0.7,10,15971.34,159713.4,7,3,1,5.5899684999999995,2.3333333325555556,54.155471,2192.8540891428574,49,Neutral,Neutral,Oct
2024-10-13,0.0,0.0,0.0,0.0,10,6000.242,60002.42,10,0,1,2.1000841,10000000000.0,0.0,2174.213077857143,50,Neutral,Neutral,Oct
2024-10-14,1913.61958,43.747165,497.27205914834235,1.0,5,12383.204000000002,61916.020000000004,0,5,1,4.3341208,0.0,382.72391600000003,2447.587303571429,48,Neutral,Neutral,Oct
2024-10-15,1170.2260760000001,11.821311,347.7876385038441,0.5714285714285714,7,11596.194285714286,81173.36,3,4,1,4.058667571428571,0.7499999998125,167.17515371428573,1843.8272232857146,65,Greed,Greed,Oct
2024-10-16,219.480876,0.0,35.58157491300189,0.2727272727272727,11,7293.560909090909,80229.17,8,3,1,2.5527458181818186,2.6666666657777776,19.95280690909091,1818.6012455714288,73,Greed,Greed,Oct
2024-10-17,36.11496,0.0,12.830443659406326,0.1111111111111111,9,15614.638888888889,140531.75,7,2,2,5.465123,3.49999999825,4.0127733333333335,1823.760525571429,71,Greed,Greed,Oct
2024-10-18,333.219141,51.8558325,51.489580908627175,0.8333333333333334,6,20055.238333333335,120331.43000000001,1,5,1,7.019333,0.19999999996,55.536523499999994,602.0307632857146,73,Greed,Greed,Oct
2024-10-19,0.0,0.0,0.0,0.0,4,24999.215,99996.86,4,0,1,8.749725250000001,3999999999.9999995,0.0,524.6658047142861,72,Greed,Greed,Oct
2024-10-20,389.155797,0.0,13.65197281145091,0.11458333333333333,96,1837.9985416666668,176447.86000000002,7,89,2,0.6172651979166667,0.0786516853923747,4.05370621875,580.2594900000003,73,Greed,Greed,Oct
2024-10-21,2464.915564,0.0,40.07987913321128,0.3930635838150289,173,1873.5143930635838,324117.99,79,94,2,0.6350175895953757,0.8404255319059529,14.248066843930635,659.0160591428574,72,Greed,Greed,Oct
2024-10-22,0.0,0.0,0.0,0.0,3,20000.12,60000.36,3,0,1,7.000041333333333,3000000000.0,0.0,491.8409054285717,70,Greed,Greed,Oct
2024-10-23,-46.489941,0.0,6.37713910085234,0.0,18,11667.003888888888,210006.07,15,3,1,4.083450611111111,4.999999998333333,-2.5827745,453.84507442857176,71,Greed,Greed,Oct
2024-10-25,13235.862071,61.1408675,1366.4039341402422,0.7,30,14262.772666666666,427883.18,14,16,2,4.794730466666667,0.8749999999453125,441.19540236666666,2339.5232331428574,72,Greed,Greed,Oct
2024-10-27,666.6623079999999,30.289636,293.9572048762827,0.75,4,22666.1025,90664.41,0,4,1,7.933135,0.0,166.66557699999998,8454.585704142857,74,Greed,Greed,Oct
2024-10-28,167.28016200000002,0.0,44.454488070634156,0.07692307692307693,13,9345.788461538461,121495.25,0,13,2,3.2517953846153844,0.0,12.867704769230771,8422.889184857142,72,Greed,Greed,Oct
2024-10-29,801.170876,0.0,99.68468397007351,0.05660377358490566,53,11571.09075471698,613267.8099999999,3,50,2,4.049881396226415,0.059999999998800006,15.11643162264151,8185.211372285713,72,Greed,Greed,Oct
2024-10-30,9.150023,0.0,1.0256853979943898,0.28,25,473.23400000000004,11830.85,8,17,1,0.14387952,0.470588235266436,0.36600091999999995,8186.518518428571,77,Extreme Greed,Greed,Oct
2024-10-31,1214.043811,19.0994085,33.00414935089389,0.7083333333333334,48,18670.278333333332,896173.36,42,6,3,6.514811000000001,6.999999998833333,25.292579395833332,8366.594768714285,77,Extreme Greed,Greed,Oct
2024-11-01,1040.475736,0.0,154.1983753462747,0.2608695652173913,23,11347.001304347827,260981.03,13,10,2,3.941516304347826,1.29999999987,45.238075478260875,6624.396720857143,75,Extreme Greed,Greed,Nov
2024-11-02,0.0,0.0,0.0,0.0,2,20000.0,40000.0,2,0,1,6.9999985,1999999999.9999998,0.0,556.968988,72,Greed,Greed,Nov
2024-11-03,0.0,0.0,0.0,0.0,6,21509.27666666667,129055.66,6,0,2,6.734025333333334,6000000000.0,0.0,461.73151542857147,74,Greed,Greed,Nov
2024-11-04,2799.410474,29.134382,118.94285081013497,0.6388888888888888,36,12550.332499999999,451811.97,13,23,2,4.392616111111112,0.5652173912797731,77.76140205555555,837.7501314285715,70,Greed,Greed,Nov
2024-11-05,678.4759280000001,10.511846,93.32108146532121,0.5,10,20062.723,200627.23,5,5,1,7.021952400000001,0.9999999998,67.8475928,820.2222817142857,70,Greed,Greed,Nov
2024-11-06,2817.83723,0.0,309.14971367702964,0.4666666666666667,15,8260.46,123906.9,6,9,2,2.8911606666666665,0.6666666665925925,187.85581533333334,1221.4633112857143,70,Greed,Greed,Nov
2024-11-07,4493.353136,3.894186,107.40420684370638,0.10619469026548672,113,985.2681415929204,111335.3,53,60,3,0.23166763168141594,0.8833333333186112,39.764187044247784,1689.936072,77,Extreme Greed,Greed,Nov
2024-11-08,-64.41354100000007,0.0,72.4018294193872,0.15384615384615385,39,6941.036923076923,270700.44,23,16,2,2.4071347948717947,1.4374999999101563,-1.6516292564102582,1532.0947467142855,75,Extreme Greed,Greed,Nov
2024-11-09,102.90894,0.0,2.90992297730476,0.22093023255813954,86,2248.655930232558,193384.41,53,33,2,0.7695872441860464,1.6060606060119378,1.196615581395349,1546.796023857143,75,Extreme Greed,Greed,Nov
2024-11-10,991.114334,0.0,22.471438317729593,0.2947976878612717,173,2390.963583815029,413636.7,48,125,3,0.8226216531791908,0.38399999999692797,5.728984589595376,1688.3837858571428,78,Extreme Greed,Greed,Nov
2024-11-11,6749.630996,0.0,60.90235280005483,0.24664879356568364,373,4210.649919571046,1570572.42,94,279,4,1.0641033512064344,0.33691756272280676,18.09552545844504,2252.7010032857143,76,Extreme Greed,Greed,Nov
2024-11-12,3494.399394,0.0,80.90406191682668,0.19883040935672514,171,7171.663859649123,1226354.52,98,73,4,2.5023675614035086,1.3424657534062676,20.435084175438597,2654.9757841428573,80,Extreme Greed,Greed,Nov
2024-11-13,7846.402274,11.65871,358.50791769432567,0.5625,48,10736.174375,515336.37,16,32,5,3.7330014166666667,0.49999999998437505,163.46671404166668,3373.3422189999997,84,Extreme Greed,Greed,Nov
2024-11-14,4563.509225,0.0,89.20897697893908,0.2545454545454545,110,9166.925545454545,1008361.81,82,28,2,3.0457163818181816,2.928571428466837,41.4864475,3383.364517428571,88,Extreme Greed,Greed,Nov
2024-11-15,4140.740438,0.0,61.955774894975356,0.3691275167785235,149,9582.942416107382,1427858.42,91,58,4,3.1303859932885905,1.5689655172143282,27.790204281879195,3984.1008001428568,80,Extreme Greed,Greed,Nov
2024-11-16,2769.521909,0.0,44.303347474612096,0.3057324840764331,157,1931.822101910828,303296.07,77,80,4,0.6380337770700637,0.9624999999879688,17.640266936305732,4365.045510000001,86,Extreme Greed,Greed,Nov
2024-11-17,882.975285,0.0,17.261524113421817,0.22488038277511962,209,5818.122344497608,1215987.57,73,136,4,1.297185114832536,0.5367647058784062,4.224762129186603,4349.597074428571,90,Extreme Greed,Greed,Nov
2024-11-18,4470.815187,0.0,87.8216130663201,0.3208092485549133,346,6024.102832369942,2084339.58,124,222,7,1.286428725433526,0.5585585585560425,12.921431176300578,4024.051958857143,83,Extreme Greed,Greed,Nov
2024-11-19,2958.268991,0.0,37.73186830724049,0.4786885245901639,305,2059.118524590164,628031.15,160,144,5,0.6606128950819672,1.111111111103395,9.699242593442623,3947.4619012857142,90,Extreme Greed,Greed,Nov
2024-11-20,4210.0928969999995,0.0,54.544471794452775,0.39454545454545453,550,3635.480218181818,1999514.1199999999,244,306,5,1.1710133981818183,0.7973856209124268,7.654714358181818,3427.9891331428566,83,Extreme Greed,Greed,Nov
2024-11-21,1692.430891,0.0,23.071714613651217,0.30654205607476637,535,1118.3189158878504,598300.62,235,300,5,0.37126778878504674,0.7833333333307223,3.1634222261682243,3017.8350854285713,82,Extreme Greed,Greed,Nov
2024-11-22,-18105.345617,0.0,305.88652723565343,0.30633284241531666,679,2425.2041531664213,1646713.62,326,353,6,0.6427673917525772,0.923512747872738,-26.664721085419732,-160.1772081428566,94,Extreme Greed,Greed,Nov
2024-11-23,2901.531638,0.0,25.92430088738888,0.3443526170798898,363,1422.1644077134986,516245.68,150,213,4,0.4259555564738292,0.7042253521093699,7.993200104683195,-141.31867542857103,93,Extreme Greed,Greed,Nov
2024-11-24,945.550386,0.0,24.231829677959688,0.2558139534883721,172,3866.001627906977,664952.28,103,69,3,1.1778088720930233,1.4927536231667715,5.497385965116279,-132.3793752857139,80,Extreme Greed,Greed,Nov
2024-11-25,5523.740734,0.0,136.53631849159856,0.3686274509803922,255,3676.1210588235294,937410.87,126,129,2,1.1128615725490196,0.9767441860389401,21.66172836862745,18.038560000000352,82,Extreme Greed,Greed,Nov
2024-11-26,1094.809359,0.0,55.535465040558826,0.28807947019867547,302,3797.6901986754965,1146902.44,197,105,4,1.0307896622516557,1.8761904761726076,3.6251965529801327,-248.1699588571425,79,Extreme Greed,Greed,Nov
2024-11-27,-2654.495633,0.0,56.196623877144376,0.3380281690140845,213,6780.481361502348,1444242.53,72,141,2,2.0643874929577466,0.510638297868719,-12.462420812206572,-1228.8254631428567,75,Extreme Greed,Greed,Nov
2024-11-28,-127075.39958499999,0.0,1422.4245637679367,0.32831325301204817,332,5705.497439759036,1894225.15,207,125,5,0.9505482198795182,1.6559999999867518,-382.75722766566264,-19624.229816857143,77,Extreme Greed,Greed,Nov
2024-11-29,176844.994152,0.0,2425.1393783219637,0.1297709923664122,393,2021.0252162849874,794262.91,148,245,11,0.48969907269720103,0.6040816326505956,449.98726247328244,8225.818721571428,78,Extreme Greed,Greed,Nov
2024-11-30,37316.69352,0.0,327.5103351176057,0.09651474530831099,373,4643.950938337802,1732193.7,103,263,8,1.4808990335120644,0.3916349809871041,100.04475474530831,13142.270418999999,84,Extreme Greed,Greed,Nov
2024-12-01,40886.364494,0.5600160000000001,338.03944268346726,0.24278846153846154,416,1958.441875,814711.82,144,271,9,0.5898647869711539,0.5313653136511758,98.28453003365385,18848.10100585714,81,Extreme Greed,Greed,Dec
2024-12-02,18489.604313,0.0,379.90364074572494,0.32222222222222224,270,2167.568740740741,585243.56,156,112,8,0.5477326429259259,1.3928571428447065,68.48001597407408,20700.367231428572,80,Extreme Greed,Greed,Dec
2024-12-03,23576.539285,0.0,229.00768096588675,0.22994652406417113,374,2900.177887700535,1084666.53,170,204,8,0.8838852719518716,0.8333333333292484,63.03887509358289,23912.042935142854,76,Extreme Greed,Greed,Dec
2024-12-04,292891.815021,0.0,4090.2838520231076,0.1755485893416928,319,2411.5600313479626,769287.65,96,222,7,0.5410859487460815,0.43243243243048457,918.1561599404388,66132.94445714286,78,Extreme Greed,Greed,Dec
2024-12-05,71574.11848800001,0.0,1402.284112762816,0.3333333333333333,456,2756.0324342105264,1256750.79,192,264,8,0.7736090421710526,0.7272727272699725,156.96078615789474,94511.44703899999,84,Extreme Greed,Greed,Dec
2024-12-06,-92624.643895,0.0,6326.353243835444,0.16129032258064516,403,8612.950918114144,3471019.22,205,198,10,1.7171061684119107,1.0353535353483063,-229.83782604218362,56015.78446085715,72,Greed,Greed,Dec
2024-12-07,85906.279067,0.0,2478.915786497859,0.2565789473684211,304,1485.965197368421,451733.42,110,193,6,0.3567501246710526,0.5699481865255444,282.5864442993421,62957.15382471428,75,Extreme Greed,Greed,Dec
2024-12-08,15965.933436,0.0,232.61343396421137,0.12142857142857143,420,2221.2850476190474,932939.72,82,338,6,0.5575687701428572,0.24260355029514025,38.014127228571425,59397.092245,79,Extreme Greed,Greed,Dec
2024-12-09,6310.967676,0.0,100.89854795146519,0.2955390334572491,539,1825.5096103896105,983949.68,455,84,10,0.32425498410018555,5.4166666666021825,11.708659881261596,57657.28701114284,78,Extreme Greed,Greed,Dec
2024-12-10,39325.770231,0.787791,141.48990698368283,0.20238095238095238,1596,1973.94992481203,3150424.08,530,1065,11,0.2841733617481203,0.49765258215915714,24.640206911654136,59907.177146285714,78,Extreme Greed,Greed,Dec
2024-12-11,319051.554217,2.259711,2003.1396625321522,0.12530712530712532,1221,1796.9683292383293,2194098.33,171,1050,12,0.3386643980835381,0.16285714285698777,261.30348420720725,63644.28274571429,74,Greed,Greed,Dec
2024-12-12,599151.795008,10.681751,1920.807926510415,0.05848861283643892,1932,2358.7939285714288,4557189.87,421,1511,14,0.361783359994824,0.2786234281930651,310.1199767122153,139012.52224857145,83,Extreme Greed,Greed,Dec
2024-12-13,31935.901745,0.0,194.07940958725385,0.30775788576300084,1173,2455.9459846547315,2880824.64,676,497,11,0.3863831000511509,1.360160965792032,27.22583268968457,156806.88591142857,76,Extreme Greed,Greed,Dec
2024-12-14,167801.399244,0.0,647.5595884815575,0.2874493927125506,1235,1918.6735060728743,2369561.78,595,639,12,0.1879282955708502,0.9311424100141923,135.87157833522267,168506.18879385715,83,Extreme Greed,Greed,Dec
2024-12-15,97525.315279,0.0,400.0229746982094,0.14437242192103714,1697,1522.256812021214,2583269.81,1131,566,15,0.13631736616381848,1.9982332155441729,57.4692488385386,180157.52905714285,80,Extreme Greed,Greed,Dec
2024-12-16,166774.344133,0.086172,863.2966321796321,0.21800947867298578,1055,2597.9231943127966,2740808.97,423,628,13,0.38118488720379146,0.6735668789798192,158.07994704549765,203080.86855100002,83,Extreme Greed,Greed,Dec
2024-12-17,219591.305172,0.0,546.8152085057872,0.21226172076249356,1941,2696.3408706852138,5233597.63,851,1087,16,0.38441029674394644,0.7828886844519016,113.13307839876352,228833.08782828573,87,Extreme Greed,Greed,Dec
2024-12-18,13682.994673,0.0,90.0826143121339,0.22533240027991602,1429,2658.423421973408,3798887.07,715,711,13,0.48386841862141355,1.0056258790421861,9.575223703988803,185209.00789342858,81,Extreme Greed,Greed,Dec
2024-12-19,62744.004486000005,0.166937,219.82362949794262,0.15992812219227315,3339,2468.316678646301,8241709.39,1201,2137,13,0.3163321890026954,0.5620028076740468,18.79125621024259,108579.32353314289,75,Extreme Greed,Greed,Dec
2024-12-20,254969.660039,1.454962,462.26198976634464,0.22869774919614147,2488,3087.3290635048234,7681274.71,1129,1357,15,0.486671344766881,0.8319823139271688,102.47976689670418,140441.2890037143,74,Greed,Greed,Dec
2024-12-21,150022.163157,1.390236,263.0365857341915,0.12492563950029745,1681,2607.302272456871,4382875.12,596,1085,8,0.40475407324806667,0.5493087557598624,89.24578415050566,137901.3981341429,73,Greed,Greed,Dec
2024-12-22,352197.163973,0.0,1859.8434888414529,0.30361757105943155,774,3988.7858139534887,3087320.22,448,326,8,0.4303060006847545,1.3742331288301404,455.03509557235145,174283.0908047143,73,Greed,Greed,Dec
2024-12-23,-29430.626577,0.0,714.3762237450253,0.13250958670643376,2347,2885.333728163613,6771878.26,1036,1311,14,0.5116731770643375,0.7902364607164072,-12.53967898466127,146253.8092747143,70,Greed,Greed,Dec
2024-12-24,14813.780116,0.0,352.00417886710017,0.21597633136094674,338,5227.917485207101,1767036.11,118,209,11,1.1443267462426037,0.5645933014327054,43.827751822485205,116999.87712385715,73,Greed,Greed,Dec
2024-12-25,756.6570469999998,0.0,89.4369605189536,0.1971153846153846,208,1672.5449519230767,347889.35,86,121,6,0.3198018375961538,0.7107438016470187,3.637774264423076,115153.25746300002,73,Greed,Greed,Dec
2024-12-26,60228.639722,0.159494,837.1572532043537,0.20086083213773315,697,3163.9062410329984,2205242.65,373,324,7,0.7508737424390244,1.1512345678976814,86.41124780774749,114793.91963957144,79,Extreme Greed,Greed,Dec
2024-12-27,2672.811035,0.0,55.81376867703737,0.34615384615384615,260,1338.126923076923,347913.0,137,122,7,0.3405986407692308,1.1229508196629265,10.280042442307693,78751.51263900001,74,Greed,Greed,Dec
2024-12-28,940.673623,0.0,29.85731881145236,0.18012422360248448,161,1748.7888819875777,281555.01,57,104,7,0.30067386726708073,0.5480769230716531,5.842693310559007,57454.15699128573,72,Greed,Greed,Dec
2024-12-29,2884.067927,0.0,84.84325152956883,0.23383084577114427,201,1714.5698507462685,344628.54,69,132,7,0.35879282139303487,0.5227272727233128,14.348596651741294,7552.286127571445,73,Greed,Greed,Dec
2024-12-30,9009.738137,0.0,198.72959921857932,0.3651315789473684,304,3532.453059210526,1073865.73,182,122,9,0.9371918436842105,1.4918032786762967,29.637296503289473,13043.766801000018,65,Greed,Greed,Dec
2024-12-31,5445.01281,0.0,108.99687767512427,0.2973856209150327,306,2866.551045751634,877164.62,141,165,6,0.8709686638235294,0.8545454545402755,17.794159509803922,11705.371471571445,64,Greed,Greed,Dec
2025-01-01,-9528.065345,0.0,989.3224125030252,0.25,96,2943.5635416666664,282582.1,68,28,6,0.3292123146875,2.4285714284846938,-99.25068067708334,10236.125415571443,66,Greed,Greed,Jan
2025-01-02,8716.519087,0.0,117.65384746788118,0.37119113573407203,361,2145.9136842105263,774674.84,106,255,9,0.4879215878947369,0.4156862745081738,24.145482235457067,2877.251039142874,70,Greed,Greed,Jan
2025-01-03,6028.486793,0.0,63.36348991609002,0.2263779527559055,508,1518.1279330708662,771208.99,168,340,9,0.41535007246062994,0.49411764705737027,11.867099986220472,3356.633290285731,74,Greed,Greed,Jan
2025-01-04,2553.537968,0.0,75.44665860042967,0.1509433962264151,371,4921.912722371967,1826029.6199999999,76,295,9,0.6299514043126685,0.2576271186431945,6.882851665768194,3587.042482428588,73,Greed,Greed,Jan
2025-01-05,3187.719363,0.0,59.881873800685874,0.24686192468619247,239,1890.977280334728,451943.57,65,173,8,0.5830192927615063,0.37572254335042937,13.337737920502093,3630.4212590000166,72,Greed,Greed,Jan
2025-01-06,6064.185393,0.0,104.19079085435088,0.09773123909249563,573,971.2512914485166,556526.99,148,425,7,0.30528985732984293,0.3482352941168277,10.583220581151831,3209.6280098571597,76,Extreme Greed,Greed,Jan
2025-01-07,16098.227531,6.222816,79.2581805510636,0.7488226059654631,637,2061.504081632653,1313178.1,561,76,6,0.4762738659811617,7.3815789472712945,25.271942748822607,4731.515827142874,78,Extreme Greed,Greed,Jan
2025-01-08,130117.090554,0.0,2408.3681940977062,0.3638113570741097,1039,3058.0126852743024,3177275.18,746,293,11,0.6707535229836381,2.5460750853155427,125.23300342059672,24680.823812714305,70,Greed,Greed,Jan
2025-01-09,46975.928902,0.0,658.1149316624325,0.2720306513409962,522,1955.427681992337,1020733.25,200,322,7,0.5278041751532567,0.6211180124204313,89.99220096168582,30146.453786285732,69,Greed,Greed,Jan
2025-01-10,-10116.875552,0.63832,816.5240640739952,0.5225885225885226,819,7994.444053724053,6547449.68,362,457,7,2.55699532973138,0.7921225382914834,-12.352717401709402,27839.97345128573,50,Neutral,Neutral,Jan
2025-01-11,2269.080536,0.0,43.43091035574405,0.2332155477031802,283,5859.006042402827,1658098.71,167,116,7,1.747872711484099,1.4396551724013822,8.017952424028268,27799.336675285733,69,Greed,Greed,Jan
2025-01-12,5742.241803,0.72332,150.46366054945935,0.7757475083056479,602,3751.59330564784,2258459.17,80,521,7,1.0167487586378738,0.15355086372331372,9.538607646179402,28164.268452428583,62,Greed,Greed,Jan
2025-01-13,9655.429352,0.0,77.40018335810606,0.37745098039215685,408,7197.666691176471,2936648.0100000002,240,167,11,2.1154414823039214,1.4371257484943885,23.66526801960784,28677.3033037143,61,Greed,Greed,Jan
2025-01-14,16069.512355,0.0,146.32035377772365,0.2872727272727273,275,3187.5708,876581.97,92,183,9,0.8748765435636364,0.5027322404344113,58.43459038181818,28673.201135714302,63,Greed,Greed,Jan
2025-01-15,14819.5883,0.0,189.6085235008543,0.3595505617977528,267,6747.565131086143,1801599.8900000001,93,174,11,1.923629194082397,0.534482758617618,55.50407602996255,12202.129385142875,70,Greed,Greed,Jan
2025-01-16,20807.709328,0.0,566.3419882789403,0.3018867924528302,371,8220.196657681941,3049692.96,114,256,9,2.400455978328841,0.4453124999982605,56.08546988679245,8463.812303142873,75,Extreme Greed,Greed,Jan
2025-01-17,7006.415608,0.515012,198.25145103146025,0.42436974789915966,238,4664.8338655462185,1110230.46,95,143,8,1.4765321381932774,0.6643356643310186,29.43872104201681,10909.996754571444,75,Extreme Greed,Greed,Jan
2025-01-18,443.2330819999997,0.0,330.24136524302247,0.3379416282642089,651,4165.330076804916,2711629.88,353,297,12,1.2533551481720429,1.1885521885481867,0.6808495883256523,10649.161404000017,77,Extreme Greed,Greed,Jan
2025-01-19,87923.799302,0.0,604.713913705048,0.12571793235481812,1567,6199.8821314613915,9715215.3,841,725,15,1.3799334012188897,1.1599999999984,56.10963580216975,22389.383903857157,77,Extreme Greed,Greed,Jan
2025-01-20,87277.239173,0.3825,569.11572956866,0.5011406844106464,1315,6302.149817490495,8287327.01,755,560,15,1.6788287601977185,1.3482142857118782,66.37052408593155,33478.21387828573,76,Extreme Greed,Greed,Jan
2025-01-21,11077.839421,0.0,111.25104651632293,0.2358490566037736,530,2874.961924528302,1523729.82,145,384,8,0.7515174816981132,0.37760416666568336,20.901583813207548,32765.117744857158,76,Extreme Greed,Greed,Jan
2025-01-22,20524.408057,0.0,156.5100803482523,0.23918269230769232,832,2137.5077283653845,1778406.43,297,535,10,0.5663102641346154,0.5551401869148502,24.66875968389423,33580.091995857154,84,Extreme Greed,Greed,Jan
2025-01-23,101256.24216,7.492465,341.1383231952165,0.6576354679802956,1218,3035.3273070607556,3697028.66,560,658,12,0.8935549012151067,0.8510638297859406,83.13320374384236,45072.73954328573,75,Extreme Greed,Greed,Jan
2025-01-24,10602.779738,0.5630105000000001,80.89983729393776,0.2700228832951945,874,1843.7453661327231,1611433.45,358,514,11,0.3874640744851259,0.6964980544733531,12.131326931350113,45586.50584757144,75,Extreme Greed,Greed,Jan
2025-01-25,-10348.016255999999,0.0,490.2783467561706,0.2628458498023715,506,2449.363043478261,1239377.7,315,191,11,0.6303038775889328,1.6492146596772292,-20.450625011857706,44044.89879928574,75,Extreme Greed,Greed,Jan
2025-01-26,40823.466668,0.0,461.7192943559634,0.35920177383592017,451,2663.3562305986693,1201173.66,177,274,7,0.8475790559423504,0.6459854014574964,90.51766445232816,37316.279851571446,73,Greed,Greed,Jan
2025-01-27,41331.765392,0.0,353.4714697323709,0.4023285899094437,773,1950.8775032341528,1508028.31,510,263,15,0.5255616654980595,1.9391634980914862,53.469295461837,30752.640740000013,71,Greed,Greed,Jan
2025-01-28,17979.613973,2.573011,81.72678441252614,0.3614457831325301,498,1163.4782530120483,579412.17,157,337,8,0.2504222582931727,0.4658753709184989,36.103642516064255,31738.608533142873,72,Greed,Greed,Jan
2025-01-29,23421.01147,0.0,91.52029500857424,0.35274725274725277,910,2085.1795714285713,1897513.41,438,472,9,0.6731001594395605,0.9279661016929492,25.737375241758244,32152.409020714305,72,Greed,Greed,Jan
2025-01-30,23097.471385,0.0,113.20284838153209,0.25866916588566075,1067,2825.114498594189,3014397.17,267,800,11,0.8197292556044986,0.3337499999995828,21.64711470009372,20986.870338571443,70,Greed,Greed,Jan
2025-01-31,35868.296773,0.8434925,134.44285309446968,0.45866141732283466,1016,2739.578228346457,2783411.48,323,693,11,0.6603720979429134,0.46608946608879354,35.303441705708664,24596.229915000014,76,Extreme Greed,Greed,Jan
2025-02-01,32300.205017,1.763296,446.4149984530011,0.37381703470031546,634,2151.019621451104,1363746.44,352,282,12,0.45027978216088327,1.2482269503501837,50.946695610410096,30688.832954000016,68,Greed,Greed,Feb
2025-02-02,162854.759623,0.0,1386.063749537317,0.19863532979529946,1319,4291.957763457164,5661092.29,832,486,13,0.897742296595906,1.7119341563750783,123.46835452843062,48121.8748047143,60,Greed,Greed,Feb
2025-02-03,348871.326269,0.0,1292.2669438694834,0.4004201680672269,2380,9492.815701680673,22592901.37,1090,1288,12,1.2569603462436976,0.8462732919248088,146.58459086932774,92056.09778714286,44,Fear,Fear,Feb
2025-02-04,416876.88812,0.0,2184.1682347008123,0.25278662420382164,2512,6241.404964171974,15678409.27,1143,1369,13,1.5341475174920383,0.8349159970775494,165.9541752070064,149041.42266528573,72,Greed,Greed,Feb
2025-02-05,56706.235562,0.0,444.31734690264386,0.2197378565921357,1297,6741.1191287586735,8743231.51,689,608,11,1.029876342845027,1.1332236842086625,43.721075992289904,153796.4546784286,54,Neutral,Neutral,Feb
2025-02-06,33803.799733,0.0,609.1348918969087,0.42982971227246036,1703,1655.0257604227834,2818508.87,1164,539,11,0.41640068033470345,2.1595547309792957,19.84955944392249,155325.93015671428,49,Neutral,Neutral,Feb
2025-02-07,22450.002091,0.0,94.68612173896997,0.24917817225509534,1524,2270.5141338582675,3460263.54,956,568,13,0.4843105238451444,1.6830985915463326,14.730972500656167,153409.0309164286,44,Fear,Fear,Feb
2025-02-08,586.703253,0.0,11.464135616658202,0.18956521739130436,575,1460.4086434782607,839734.97,451,124,10,0.1912631064,3.637096774164217,1.0203534834782608,148878.5306644286,44,Fear,Fear,Feb
2025-02-09,150551.829492,0.0,2082.4614891202827,0.4031413612565445,764,3823.19332460733,2920919.7,428,336,12,0.5593741164397905,1.2738095238057328,197.05736844502616,147120.96921714288,46,Neutral,Neutral,Feb
2025-02-10,63908.49465,0.0,921.8916254848083,0.3734533183352081,889,4077.5685489313837,3624958.44,360,529,14,0.5527135456692913,0.6805293005658213,71.88807047244094,106411.99327157145,43,Fear,Fear,Feb
2025-02-11,-6093.784817,0.0,127.34220698976809,0.10023584905660378,848,3298.990766509434,2797544.17,362,486,12,0.5618279809551887,0.7448559670766567,-7.186067001179245,45987.611423428585,47,Neutral,Neutral,Feb
2025-02-12,19848.635032,0.0,351.50279374147897,0.4190106692531523,1031,4019.3739476236665,4143974.54,406,624,12,1.0661057528031037,0.6506410256399829,19.251828353055284,40722.23991914287,46,Neutral,Neutral,Feb
2025-02-13,27829.534238,0.0,115.2749060467816,0.40364963503649637,1370,2335.6585474452554,3199852.21,593,777,11,0.6010857547591241,0.763191763190781,20.313528640875912,39868.773419857156,50,Neutral,Neutral,Feb
2025-02-14,213860.675308,0.0,532.3132229110405,0.10694864048338369,1655,2421.210525679758,4007103.42,532,1123,15,0.5810137255287009,0.4737310774706378,129.22095184773414,67213.15530800002,48,Neutral,Neutral,Feb
2025-02-15,45042.92701,0.0,338.46361083281846,0.4206008583690987,932,1837.8250536480687,1712852.95,574,358,12,0.4013812425107296,1.603351955302784,48.32932082618026,73564.04441614287,50,Neutral,Neutral,Feb
2025-02-16,2369.478425,0.0,12.19814466020818,0.3436123348017621,681,1183.8144493392072,806177.64,345,336,10,0.25194127060205584,1.0267857142826584,3.4794103157121876,52395.13712085716,54,Neutral,Neutral,Feb
2025-02-17,1818.573295,0.0,33.8310065066735,0.15727948990435706,941,2158.3896280552603,2031044.64,623,318,9,0.26938018665249736,1.9591194968491852,1.9325964877789585,43525.14835585716,51,Neutral,Neutral,Feb
2025-02-18,91204.672403,0.061069,402.7229620509518,0.36933174224343673,1676,2011.413293556086,3371128.68,1050,626,11,0.3636869945763723,1.677316293927033,54.418062292959426,57424.9279587143,47,Neutral,Neutral,Feb
2025-02-19,14985.794701,0.0,61.23254296974973,0.2595588235294118,1361,2398.185334313005,3263930.24,864,497,10,0.505868809331374,1.7384305834975082,11.010870463629685,56730.23648285716,44,Fear,Fear,Feb
2025-02-20,46008.794102,0.0,157.96383053076914,0.46421471172962225,2012,2300.5016351888667,4628609.29,787,1225,11,0.6125566723409542,0.6424489795913123,22.867193887673956,59327.27360628574,49,Neutral,Neutral,Feb
2025-02-21,119693.49395,0.109988,366.09286225427314,0.5093432995194874,1873,2120.747399893219,3972159.88,744,1129,14,0.4429889555632675,0.6589902568638981,63.904695114789114,45874.81912657145,55,Greed,Greed,Feb
2025-02-22,25278.704178,0.0,176.9982164477057,0.47007299270072994,686,4629.111078717201,3175570.2,361,325,10,1.2830388250291545,1.110769230765813,36.849423,43051.358722000026,49,Neutral,Neutral,Feb
2025-02-23,10656.934251,0.0,123.32426355829121,0.42115384615384616,520,2194.8283461538463,1141310.74,283,237,12,0.44231292148076923,1.194092826999181,20.494104328846156,44235.28098285716,50,Neutral,Neutral,Feb
2025-02-24,38470.176242,0.0,55.56892309267754,0.38603988603988604,5616,1998.5077617521367,11223619.59,3255,2361,14,0.3735691654629629,1.3786531130870907,6.850102607193732,49471.22426100002,49,Neutral,Neutral,Feb
2025-02-25,204762.177034,0.0,673.7439962496502,0.2217419148254883,6246,3108.3868651937237,19414984.36,4233,2013,18,0.5101849286439322,2.1028315946338285,32.782929400256165,65693.72492257145,25,Fear,Fear,Feb
2025-02-26,63229.063129,1.4922360000000001,406.24323217797456,0.6522108843537415,1176,4206.597049319727,4946958.13,388,788,13,0.6413031859438775,0.4923857868014056,53.76621014370748,72585.62041228575,21,Extreme Fear,Fear,Feb
2025-02-27,-36525.167517,0.0,517.9053830350915,0.2393258426966292,890,2247.0768876404495,1999898.43,407,483,9,0.5754449138314607,0.8426501035179241,-41.039514064044944,60795.05446671431,10,Extreme Fear,Fear,Feb
2025-02-28,225628.108748,0.0,3851.3712028844916,0.3209028459273798,1019,4046.7721000981355,4123660.77,528,491,13,0.8620198861236507,1.075356415476425,221.4211077016683,75928.57086642859,16,Extreme Fear,Fear,Feb
2025-03-01,10596.108968,0.0,134.45844944800064,0.4482758620689655,174,1516.230632183908,263824.13,105,68,5,0.21300888155172415,1.5441176470361158,60.897177977011495,73831.05726500002,20,Extreme Fear,Fear,Mar
2025-03-02,66914.320708,0.0120845,523.6453822891723,0.39285714285714285,532,12144.452518796992,6460848.74,277,255,10,3.6310092894924813,1.0862745097996618,125.77879832330827,81867.82675885715,26,Fear,Fear,Mar
2025-03-03,616413.032233,9.005766,1682.4075657180047,0.5802968960863698,1482,5563.151403508772,8244590.38,1067,415,14,0.7021349813900135,2.571084337343202,415.9332201302294,164431.09190042858,33,Fear,Fear,Mar
2025-03-04,182075.566585,0.0,940.9538347121356,0.22980849292256453,2402,4631.24360949209,11124247.15,1748,654,16,0.9243698939550374,2.67278287461365,75.80165136761032,161190.14755057145,15,Extreme Fear,Fear,Mar
2025-03-05,269328.365917,34.0166975,1724.8671279418056,0.7240963855421687,1660,5538.345915662651,9193654.22,376,1284,13,1.398386452319277,0.292834890965504,162.24600356445782,190632.90509171432,20,Extreme Fear,Fear,Mar
2025-03-06,16101.125561,0.0,163.11101162302057,0.43026315789473685,760,8901.743368421052,6765324.96,371,389,12,1.7192331095526316,0.9537275064242835,21.18569152763158,198150.94696000003,25,Fear,Fear,Mar
2025-03-07,150236.061627,0.231811,278.36230520474373,0.5113636363636364,2552,7779.888510971787,19854275.48,1226,1326,14,1.9265286233816614,0.9245852187021685,58.86993010462382,187380.65451414287,34,Fear,Fear,Mar
2025-03-08,24700.773359,4.088704,218.21981324664878,0.3780718336483932,529,1686.3582419659735,892083.51,286,243,13,0.393837,1.1769547325054446,46.69333338185255,189395.60657,28,Fear,Fear,Mar
2025-03-09,19773.457395,0.0,83.14231057374892,0.39029535864978904,1422,7327.495070323488,10419697.99,947,475,12,1.6716342663853727,1.9936842105221186,13.905384947257385,182661.19752528574,27,Fear,Fear,Mar
2025-03-10,-10010.027269999999,0.0,598.2310344559482,0.37684644452078325,2911,5775.263029886637,16811790.68,1570,1341,14,1.1983416252937136,1.1707680835188883,-3.438690233596702,93172.18902485716,20,Extreme Fear,Fear,Mar
2025-03-11,-76880.729036,0.0,284.15739785646804,0.1783323189287888,3286,4265.657970176507,14016952.09,2121,1165,16,0.7428728673280585,1.820600858367536,-23.3964482763238,56178.43250757144,24,Extreme Fear,Fear,Mar
2025-03-12,288105.984215,1.6060059999999998,541.1021890156194,0.506804435483871,3968,4692.071358366935,18618139.15,1647,2321,13,0.9219792268069555,0.7096079276171006,72.60735489289314,58860.94940728573,34,Fear,Fear,Mar
2025-03-13,14114.870873,0.0,114.25301264822082,0.4553014553014553,962,3415.375488565489,3285591.22,469,493,13,0.8411504232536382,0.9513184584159202,14.672422944906446,58577.19873757144,45,Neutral,Neutral,Mar
2025-03-14,68646.160089,1.88254,241.26619975032932,0.8538461538461538,2210,3641.261158371041,8047187.16,297,1912,10,0.5400394004162896,0.15533472803339157,31.061610899999998,46921.49851785716,27,Fear,Fear,Mar
2025-03-15,78694.624572,0.650626,1437.1563922090597,0.5862068965517241,261,9025.86030651341,2355749.54,156,105,8,2.2005091494252875,1.485714285700136,301.51197154022987,54634.90583400002,46,Neutral,Neutral,Mar
2025-03-16,-7910.943544999999,0.0,799.610022581558,0.2320754716981132,530,19222.49341509434,10187921.51,304,226,8,4.608458494679245,1.34513274335688,-14.926308575471696,50679.99141400001,30,Fear,Fear,Mar
2025-03-17,26163.906513,0.0,130.36244691738273,0.4532608695652174,920,3905.320706521739,3592895.05,483,437,11,0.8779782695434782,1.1052631578922076,28.439028818478263,55847.69624014287,32,Fear,Fear,Mar
2025-03-18,72322.788824,0.0,1190.357985851897,0.22422062350119903,834,4856.901043165468,4050655.47,341,493,13,1.0287003968824942,0.691683569978313,86.71797221103118,77162.48450585715,34,Fear,Fear,Mar
2025-03-19,29374.682341,0.0,118.43599190620486,0.4150124069478908,1612,2852.8620161290323,4598813.57,564,1048,12,0.48665637159950376,0.5381679389307842,18.222507655707197,40200.8699524286,32,Fear,Fear,Mar
2025-03-20,10246.859436,0.0,67.20472187875403,0.4072632944228275,771,2143.0063942931256,1652257.93,239,532,13,0.4270239247730221,0.44924812029990746,13.290349463035021,39648.29689000002,49,Neutral,Neutral,Mar
2025-03-21,6951.270374,0.009684,54.71326809694039,0.5,698,3644.560730659026,2543903.39,346,352,9,0.9075367948853869,0.982954545451753,9.958840077363897,30834.741216428596,31,Fear,Fear,Mar
2025-03-22,12498.535254,0.0,90.3328712770384,0.4485981308411215,535,1816.4662056074767,971809.42,222,313,8,0.5024949569532711,0.7092651757165839,23.361748138317758,21378.15702814288,32,Fear,Fear,Mar
2025-03-23,14047.421585,0.0,157.7488368670644,0.3087248322147651,447,5802.057427293064,2593519.67,290,157,10,1.3360537226621925,1.8471337579500184,31.425999071588368,24515.066332428592,30,Fear,Fear,Mar
2025-03-24,107878.961301,1.5312,1157.024782283737,0.5705939629990263,1027,2938.254186952288,3017587.05,213,814,13,0.5171425037682571,0.26167076167044023,105.04280555111977,36188.645587857165,45,Neutral,Neutral,Mar
2025-03-25,32030.90678,0.0,272.71532758680485,0.3615676359039191,791,6792.060391908975,5372519.77,422,369,13,1.771623243704172,1.1436314363112638,40.49419314791403,30432.662438714306,46,Neutral,Neutral,Mar
2025-03-26,15802.167427,0.0,91.09493587755279,0.2611506140917906,3102,2449.30830754352,7597754.37,1574,1528,17,0.5792403340070922,1.0301047120412106,5.094186791424887,28493.731736714308,47,Neutral,Neutral,Mar
2025-03-27,58825.359221,0.0,315.07403347375833,0.30318471337579617,785,4127.744535031847,3240279.46,476,309,11,0.9095848653503186,1.5404530744286717,74.9367633388535,35433.51742028574,40,Fear,Fear,Mar
2025-03-28,21337.179335,0.0,149.5584882417023,0.3090659340659341,728,2037.2151236263737,1483092.61,533,195,11,0.5347299382554945,2.7333333333193166,29.30931227335165,37488.64727185717,44,Fear,Fear,Mar
2025-03-29,12098.872931,0.0,148.35227843946458,0.3558606124604013,1894,1936.7221911298839,3668151.83,997,897,10,0.4434237141605069,1.1114827201771333,6.38800049155227,37431.55265428573,26,Fear,Fear,Mar
2025-03-30,15795.11514,0.0,221.1953359721309,0.1637323943661972,568,5019.146056338028,2850874.96,478,89,9,1.3363939318133804,5.370786516793586,27.8083013028169,37681.22316214287,32,Fear,Fear,Mar
2025-03-31,6978.184557,0.580795,323.1311708660487,0.35555555555555557,495,4373.277717171717,2164772.4699999997,214,281,12,0.973740668909091,0.7615658362962222,14.097342539393939,23266.826484428595,34,Fear,Fear,Mar
2025-04-01,-2202.6622420000003,0.0,297.0927135926486,0.4583333333333333,192,3668.9853645833336,704445.1900000001,92,100,9,0.8486249730208333,0.9199999999908,-11.472199177083334,18376.316624142877,34,Fear,Fear,Apr
2025-04-02,202212.740938,28.665758500000003,783.0878201791388,0.8940520446096655,1076,3594.7310408921935,3867930.6,129,947,11,1.0977909274163569,0.13621964097134506,187.930056633829,45006.39855428574,44,Fear,Fear,Apr
2025-04-03,-2365.961276,0.0,81.23364439225159,0.2974828375286041,1748,4960.087614416476,8670233.15,956,792,17,0.7649421354118993,1.207070707069183,-1.353524757437071,36264.78134042859,25,Fear,Fear,Apr
2025-04-04,-25515.678949999998,0.0,581.2639206142574,0.38443396226415094,1272,3015.3661399371067,3835545.73,500,772,14,0.6572825545290881,0.6476683937815445,-20.05949602987421,29571.515871142878,28,Fear,Fear,Apr
2025-04-05,35907.33771,1.814678,333.05923440903956,0.5277777777777778,360,3521.011722222222,1267564.22,138,221,10,0.7835009555555555,0.624434389137446,99.74260475,32972.72512528573,30,Fear,Fear,Apr
2025-04-06,47053.449272,0.0,464.3283247115555,0.31583969465648853,1048,3388.59929389313,3551252.06,678,369,14,0.5901106036579199,1.8373983739787605,44.89832945801527,37438.20142985716,34,Fear,Fear,Apr
2025-04-07,34527.370305,0.0,651.4553059500641,0.2345415778251599,2814,5138.682707889126,14460253.14,1412,1402,18,0.9831396948837599,1.0071326676169707,12.269854408315563,41373.79939385717,23,Extreme Fear,Fear,Apr
2025-04-08,34899.394798,0.0,299.82321782812363,0.3944856839872747,943,9405.505196182397,8869391.4,431,511,17,2.412489598154825,0.8434442270042203,37.00890222481442,46674.0932567143,24,Extreme Fear,Fear,Apr
2025-04-09,43120.444797,0.0,768.8032668175019,0.4106377615326443,3967,7198.589984875221,28556806.47,1763,2204,20,1.5405279450955383,0.7999092558980037,10.86978694151752,23946.62237942859,18,Extreme Fear,Fear,Apr
2025-04-10,158261.822261,0.05977,528.5261250033769,0.5270333803479078,2127,13512.90704748472,28741953.29,1137,987,19,3.229222614377997,1.1519756838894104,74.40612236060178,46893.44859900001,39,Fear,Fear,Apr
2025-04-11,126406.479081,0.0,1053.703425023061,0.3193430656934307,1096,10327.853166058394,11319327.07,312,784,16,1.983977261031113,0.3979591836729618,115.33437872354014,68596.61403200003,25,Fear,Fear,Apr
2025-04-12,410419.694533,0.0,3804.4483148577447,0.24845898530109056,2109,26512.383826458037,55914617.49,800,1309,20,5.461164710505927,0.611153552329556,194.60393292223802,122098.3792924286,43,Fear,Fear,Apr
2025-04-13,48696.021521,0.0,312.0512492817143,0.3542770628311885,1321,10727.596358819075,14171154.79,739,581,17,1.9442363514495837,1.271944922545143,36.86299888039364,122333.03247085716,45,Neutral,Neutral,Apr
2025-04-14,45680.443063,0.0,371.3131179694784,0.3887640449438202,890,14696.598853932584,13079972.98,516,374,14,2.273210919738202,1.3796791443813379,51.32634052022472,123926.3285791429,31,Fear,Fear,Apr
2025-04-15,72357.706282,0.621726,509.9926590211078,0.5702917771883289,1131,18348.51303271441,20752168.24,344,786,14,1.6506673380990273,0.4376590330783236,63.976751796640144,129277.51593400002,38,Fear,Fear,Apr
2025-04-16,58631.730257,0.0,398.1610312928065,0.3327114427860697,1608,22700.69396766169,36502715.9,835,773,17,3.7298618813992537,1.080206985768331,36.46251881654229,131493.41385685717,29,Fear,Fear,Apr
2025-04-17,5427.919886,0.0,35.53346284252171,0.2870999030067895,1031,2526.238128031038,2604551.51,341,690,12,0.5035972230067896,0.49420289855000843,5.264713759456837,109659.99923185715,30,Fear,Fear,Apr
2025-04-18,4880.4047439999995,0.055965,859.4371749589807,0.4070937003705664,1894,12994.007634635693,24610650.46,755,1139,12,2.4642702913252377,0.6628621597887069,2.576771248152059,92299.13146942858,33,Fear,Fear,Apr
2025-04-19,71950.577495,0.0,250.8012104737391,0.1981335247666906,2786,11739.577426417804,32706462.71,999,1786,15,2.32614010505743,0.5593505039190597,25.82576363783202,43946.40046400001,32,Fear,Fear,Apr
2025-04-20,25060.341936,0.0,302.1540722308167,0.3218970736629667,1982,6118.110015136226,12126094.05,1079,902,12,0.9522349183177599,1.1962305986682968,12.643966668012109,40569.874809000015,37,Fear,Fear,Apr
2025-04-21,34369.267906999994,0.0,542.9010428308851,0.26949941792782306,1718,24507.598859138536,42104054.84,603,1115,14,3.699703762444703,0.5408071748874074,20.005394590803256,38953.99264385716,39,Fear,Fear,Apr
2025-04-22,58652.763578,0.0,373.4606094578802,0.29553035356904606,2998,11258.714222815212,33753625.24,1420,1577,15,1.917840477318212,0.9004438807857321,19.563963835223483,36996.143686142874,47,Neutral,Neutral,Apr
2025-04-23,-419020.225731,0.0,1461.7777309431785,0.2877381533952125,6159,4981.72492125345,30682443.79,4217,1941,19,1.1920897616301347,2.1725914477062482,-68.03380836678032,-31239.850026428558,72,Greed,Greed,Apr
2025-04-24,50704.395965,0.0,155.5360185297309,0.38475417230491654,2232,15720.841684587815,35088918.64,1223,1009,15,3.30040336914664,1.212091179384329,22.717023281810036,-24771.782015142842,63,Greed,Greed,Apr
2025-04-25,20218.859206,0.0,77.93985191492679,0.3157894736842105,1653,16787.32957047792,27749455.78,681,970,16,3.8107037233745915,0.7020618556693793,12.231614764670297,-22580.57423485713,60,Greed,Greed,Apr
2025-04-26,-4125.753942,0.0,52.04454647609949,0.17152961980548187,1131,10564.215534924844,11948127.77,603,528,12,2.3450988094783374,1.1420454545432916,-3.6478814694960215,-33448.621582999986,65,Greed,Greed,Apr
2025-04-27,2702.067468,0.0,45.32483984864426,0.3323442136498516,337,1446.6993768545994,487537.69,209,128,9,0.16595481500356082,1.6328124999872438,8.018004356083086,-36642.66079271427,61,Greed,Greed,Apr
2025-04-28,36906.813759,0.0,381.983103446108,0.39158810732414795,1379,18944.83066715011,26124921.49,652,727,8,4.356237420979043,0.896836313616373,26.763461754169686,-36280.15424242856,54,Neutral,Neutral,Apr
2025-04-29,125749.613427,0.0,420.73601102444695,0.3896567097637093,2243,15198.177289344627,34089511.66,1105,1138,7,2.295717916697771,0.971001757468391,56.06313572313866,-26694.889978285697,60,Greed,Greed,Apr
2025-04-30,14003.797269,0.0,64.65423825477585,0.07906558849955077,1113,11405.10229110512,12693878.85,837,276,8,2.6506592748207547,3.032608695641186,12.582028094339623,35165.68473600001,56,Greed,Greed,Apr
2025-05-01,54536.829297000004,0.0,972.822640253054,0.27479674796747966,1230,8715.642699186992,10720240.52,687,543,11,2.1565964861510567,1.265193370163416,44.338885607317074,35713.17521200002,53,Neutral,Neutral,May
